{"type": "FeatureCollection", "features": [{"type": "Feature", "properties": {"Status": "Constructed", "Type": "Fence", "OBJECTID": 2}, "geometry": {"type": "LineString", "coordinates": [[35.009616, 32.009228], [35.009465, 32.00872], [35.009367, 32.008315], [35.009209, 32.00776], [35.009072, 32.00738], [35.008929, 32.006991], [35.008738, 32.006455], [35.008554, 32.005985], [35.008441, 32.005672], [35.008368, 32.005398], [35.008284, 32.004899], [35.008232, 32.004289], [35.008219, 32.00373], [35.008232, 32.003289], [35.008244, 32.001761], [35.008239, 32.001532], [35.008201, 32.001361], [35.00814, 32.001116], [35.00747, 31.99969], [35.007037, 31.998797], [35.006939, 31.99866], [35.006802, 31.998562], [35.006644, 31.998484], [35.006463, 31.998401], [35.006073, 31.998245], [35.005526, 31.998058], [35.005378, 31.99796], [35.005252, 31.997838], [35.005148, 31.997691], [35.005083, 31.997542], [35.005041, 31.997414], [35.005038, 31.997271], [35.005074, 31.997141], [35.005155, 31.996997], [35.005334, 31.996708], [35.005968, 31.995729], [35.006059, 31.995551], [35.006095, 31.995383], [35.006097, 31.99524], [35.006077, 31.995083], [35.006012, 31.994931], [35.005908, 31.994799], [35.005733, 31.994711], [35.005478, 31.9946], [35.005146, 31.994525], [35.003351, 31.994119], [35.002944, 31.994018], [35.002701, 31.993936], [35.002515, 31.993853], [35.002343, 31.993703], [35.002277, 31.993627], [35.002158, 31.993438], [35.002115, 31.993229], [35.002115, 31.993005], [35.002154, 31.992737], [35.00227, 31.992391], [35.002515, 31.991321], [35.002571, 31.991052], [35.002577, 31.990799], [35.002571, 31.990542], [35.002538, 31.990318], [35.002369, 31.989724], [35.002185, 31.989254], [35.001806, 31.988568], [35.001364, 31.987831], [35.000345, 31.986007], [34.999168, 31.983902], [34.998669, 31.983112], [34.998409, 31.982749], [34.998226, 31.982575], [34.997971, 31.982417], [34.997783, 31.982329], [34.997562, 31.982247], [34.997349, 31.982222], [34.997057, 31.982193], [34.996802, 31.982197], [34.996654, 31.982199], [34.995849, 31.982241], [34.995669, 31.982215], [34.99546, 31.982146], [34.995239, 31.982007], [34.995117, 31.981818], [34.995068, 31.981618], [34.995047, 31.981418], [34.995099, 31.981231], [34.995234, 31.98099], [34.995397, 31.980749], [34.995911, 31.980216], [34.996147, 31.979963], [34.996218, 31.979886], [34.996321, 31.979718], [34.996373, 31.979569], [34.996447, 31.979353], [34.996482, 31.979162], [34.996489, 31.978985], [34.996464, 31.978828], [34.99642, 31.978609], [34.996299, 31.978229], [34.996187, 31.977668], [34.995929, 31.976101], [34.995749, 31.975295], [34.995676, 31.975053], [34.995322, 31.974185], [34.995172, 31.973982], [34.99494, 31.973647], [34.99467, 31.973322], [34.994224, 31.972899], [34.994023, 31.972753], [34.993923, 31.97268], [34.993638, 31.972474], [34.993345, 31.972345], [34.993068, 31.972226], [34.992567, 31.972085], [34.988538, 31.971175], [34.986757, 31.97079], [34.986498, 31.970689], [34.98631, 31.970573], [34.986156, 31.970408], [34.986057, 31.970243], [34.985997, 31.970086], [34.985984, 31.969971], [34.985986, 31.969819], [34.986029, 31.96947], [34.986214, 31.968942], [34.986415, 31.968409], [34.986429, 31.96828], [34.986425, 31.968099], [34.986363, 31.967804], [34.986341, 31.967642], [34.986296, 31.967308], [34.986314, 31.967122], [34.98639, 31.966493], [34.986415, 31.96633], [34.986495, 31.966167], [34.986604, 31.965998], [34.986784, 31.965781], [34.986943, 31.965649], [34.987098, 31.965566], [34.987287, 31.965472], [34.98766, 31.965289], [34.987768, 31.965231], [34.987906, 31.965123], [34.98801, 31.964998], [34.988079, 31.964853], [34.988133, 31.964729], [34.988164, 31.964614], [34.988223, 31.964484], [34.988332, 31.964367], [34.988465, 31.964289], [34.98862, 31.964225], [34.988706, 31.96421], [34.988748, 31.964203], [34.988866, 31.964202], [34.989102, 31.964231], [34.989268, 31.964253], [34.989452, 31.964235], [34.989597, 31.964195], [34.989741, 31.964135], [34.989874, 31.964038], [34.989994, 31.963917], [34.990058, 31.963768], [34.990111, 31.963643], [34.99012, 31.963509], [34.990122, 31.963361], [34.990057, 31.963195], [34.989946, 31.963006], [34.989557, 31.962592], [34.989517, 31.962551], [34.988263, 31.96125], [34.987994, 31.960965], [34.987884, 31.960809], [34.987853, 31.960647], [34.987848, 31.960437], [34.987901, 31.960251], [34.988072, 31.95994], [34.988294, 31.9598], [34.988549, 31.959706], [34.988851, 31.959687], [34.989109, 31.959726], [34.989505, 31.959852], [34.990792, 31.960205], [34.991681, 31.960449], [34.992166, 31.960599], [34.992362, 31.96062], [34.992574, 31.960588], [34.992803, 31.960532], [34.99298, 31.960433], [34.993134, 31.960326], [34.993287, 31.960166], [34.993368, 31.960012], [34.993431, 31.959834], [34.993546, 31.959693], [34.993665, 31.959585], [34.993779, 31.959469], [34.993845, 31.959312], [34.993904, 31.959187], [34.99392, 31.959015], [34.993916, 31.958839], [34.993828, 31.958666], [34.993828, 31.958666], [34.993717, 31.958511], [34.993528, 31.958358], [34.992594, 31.957685], [34.992348, 31.957508], [34.992234, 31.95739], [34.992181, 31.957223], [34.99218, 31.95722], [34.992186, 31.957062], [34.992188, 31.95702], [34.992201, 31.956934], [34.992207, 31.956897], [34.992212, 31.956862], [34.992243, 31.956818], [34.992253, 31.956803], [34.992253, 31.956802], [34.992285, 31.956756], [34.992311, 31.956719], [34.992315, 31.956715], [34.992334, 31.956699], [34.992338, 31.956696], [34.992338, 31.956696], [34.99234, 31.956695], [34.992361, 31.956679], [34.992362, 31.956678], [34.992368, 31.956672], [34.992368, 31.956672], [34.992479, 31.956581], [34.992607, 31.956527], [34.99263, 31.956518], [34.992684, 31.956494], [34.992685, 31.956494], [34.992959, 31.956469], [34.992985, 31.956462], [34.993774, 31.956237], [34.994045, 31.956159], [34.99411, 31.956141], [34.994173, 31.956123], [34.994174, 31.956122], [34.994177, 31.956122], [34.994424, 31.956051], [34.99488, 31.955921], [34.994955, 31.9559], [34.995381, 31.955771], [34.995405, 31.955764], [34.995655, 31.955628], [34.995932, 31.9555], [34.996285, 31.955251], [34.996505, 31.955052], [34.996779, 31.954766], [34.996975, 31.954538], [34.997953, 31.953432], [34.998259, 31.953079], [34.998725, 31.952633], [34.999105, 31.952288], [34.999457, 31.95201], [34.99986, 31.951736], [35.000258, 31.951525], [35.000741, 31.951355], [35.001414, 31.951149], [35.00181, 31.951057], [35.002031, 31.950958], [35.002191, 31.950817], [35.002277, 31.950677], [35.002318, 31.950474], [35.002346, 31.949953], [35.002359, 31.949528], [35.002407, 31.949373], [35.002408, 31.94937], [35.002411, 31.94936], [35.002543, 31.949262], [35.002751, 31.9492], [35.002751, 31.9492], [35.002844, 31.949172], [35.004195, 31.94875], [35.004492, 31.948628], [35.004701, 31.948472], [35.004882, 31.948297], [35.005045, 31.94808], [35.005163, 31.947888], [35.005202, 31.947824], [35.005259, 31.94758], [35.005303, 31.947288], [35.005308, 31.947045], [35.005258, 31.946802], [35.005164, 31.946582], [35.004954, 31.946208], [35.00424, 31.945145], [35.003739, 31.944533], [35.003288, 31.944125], [35.002845, 31.943826], [35.002517, 31.94365], [35.001722, 31.943394], [35.000721, 31.943139], [35.000051, 31.942944], [34.999582, 31.942747], [34.99872, 31.942235], [34.998095, 31.94182], [34.997627, 31.941396], [34.997274, 31.940881], [34.997098, 31.940459]]}}, {"type": "Feature", "properties": {"Status": "Constructed", "Type": "Concrete", "OBJECTID": 3}, "geometry": {"type": "LineString", "coordinates": [[35.259132, 31.780258], [35.259029, 31.780143], [35.258728, 31.77996], [35.258553, 31.779872], [35.258141, 31.779722], [35.25782, 31.779594], [35.257513, 31.779404], [35.257228, 31.77917], [35.256988, 31.778941], [35.256831, 31.77869], [35.256649, 31.778336], [35.256459, 31.777876], [35.256348, 31.777673], [35.256205, 31.777508], [35.255892, 31.777299], [35.255615, 31.777106], [35.255472, 31.776951], [35.255373, 31.776819], [35.255319, 31.776639], [35.255246, 31.776411], [35.255163, 31.776202], [35.255053, 31.776071], [35.254928, 31.775963], [35.254713, 31.775833], [35.254538, 31.775774], [35.25433, 31.775733], [35.254139, 31.775696], [35.253824, 31.77561], [35.253413, 31.775446], [35.253136, 31.775317], [35.25296, 31.775196], [35.252828, 31.775055], [35.252774, 31.774904], [35.252726, 31.774766], [35.252721, 31.77459], [35.252757, 31.774427], [35.252859, 31.774277], [35.25299, 31.774155], [35.253178, 31.774057], [35.253348, 31.773948], [35.253424, 31.77383], [35.253489, 31.773524], [35.253558, 31.77315], [35.253612, 31.772829], [35.253651, 31.772604], [35.253704, 31.772274], [35.253737, 31.772011], [35.253834, 31.771866], [35.253965, 31.771725], [35.254101, 31.771594], [35.254228, 31.771525], [35.254352, 31.771561], [35.254485, 31.771633], [35.254698, 31.771736], [35.254832, 31.771554]]}}, {"type": "Feature", "properties": {"Status": "Constructed", "Type": "Fence", "OBJECTID": 4}, "geometry": {"type": "LineString", "coordinates": [[35.257796, 31.742929], [35.25662, 31.742325], [35.256089, 31.742154], [35.254976, 31.742107], [35.254178, 31.742096], [35.253522, 31.742079], [35.253243, 31.742084], [35.252949, 31.742151], [35.252589, 31.742272], [35.252307, 31.74241], [35.251989, 31.74265], [35.251843, 31.742829], [35.25167, 31.743056], [35.251507, 31.74325], [35.251332, 31.743425], [35.251133, 31.743603], [35.250897, 31.743755], [35.250645, 31.743955], [35.250438, 31.744164], [35.25027, 31.744377], [35.250165, 31.744651], [35.250015, 31.745157], [35.249934, 31.745492], [35.249828, 31.745747], [35.249692, 31.745898], [35.249477, 31.746021], [35.249178, 31.746126]]}}, {"type": "Feature", "properties": {"Status": "Constructed", "Type": "Concrete", "OBJECTID": 5}, "geometry": {"type": "LineString", "coordinates": [[35.2587, 31.749585], [35.258736, 31.749506], [35.25882, 31.749327], [35.258947, 31.749192], [35.259144, 31.749026], [35.25938, 31.748874], [35.259792, 31.748657], [35.260112, 31.748527], [35.260394, 31.748388], [35.260504, 31.74831], [35.260563, 31.748228], [35.260594, 31.748122], [35.260591, 31.747998], [35.260539, 31.747927], [35.260221, 31.747694], [35.259365, 31.747199], [35.259025, 31.746995], [35.258866, 31.746881], [35.258764, 31.746728], [35.258663, 31.74657], [35.258614, 31.746394], [35.2586, 31.746284], [35.258607, 31.746098], [35.25866, 31.745758], [35.258684, 31.745374], [35.258708, 31.744758], [35.25867, 31.744329], [35.258596, 31.744039], [35.258444, 31.743755], [35.258258, 31.743472], [35.258043, 31.743211], [35.257796, 31.742929], [35.257416, 31.742459], [35.257032, 31.74205], [35.256792, 31.741818], [35.256559, 31.741651], [35.256388, 31.741534], [35.256218, 31.741432], [35.255886, 31.741328], [35.255148, 31.741102], [35.254715, 31.740958], [35.254535, 31.740923], [35.254328, 31.740917], [35.254143, 31.740872], [35.25358, 31.740701], [35.253379, 31.740681], [35.253077, 31.740657], [35.252868, 31.740594], [35.252451, 31.74042], [35.252322, 31.740394], [35.25228, 31.740395], [35.252238, 31.740395], [35.252142, 31.740349], [35.251675, 31.739981], [35.251609, 31.739921], [35.251672, 31.739804], [35.251786, 31.739667], [35.251823, 31.739691], [35.251915, 31.739554], [35.251997, 31.739383], [35.251821, 31.739356], [35.251826, 31.739288], [35.251821, 31.739206]]}}, {"type": "Feature", "properties": {"Status": "Constructed", "Type": "Fence", "OBJECTID": 6}, "geometry": {"type": "LineString", "coordinates": [[35.251821, 31.739206], [35.251816, 31.739102], [35.251749, 31.738397], [35.251694, 31.737763], [35.251639, 31.737316], [35.251508, 31.736986], [35.250967, 31.736123], [35.250898, 31.736026], [35.250878, 31.735888], [35.250372, 31.734813], [35.250193, 31.73443], [35.250065, 31.734208], [35.249379, 31.733342], [35.248978, 31.732919], [35.248846, 31.732781], [35.248716, 31.732702], [35.248574, 31.732628], [35.24845, 31.732583]]}}, {"type": "Feature", "properties": {"Status": "Constructed", "Type": "Fence", "OBJECTID": 7}, "geometry": {"type": "LineString", "coordinates": [[35.246708, 31.718929], [35.246791, 31.718499], [35.246864, 31.718303], [35.246908, 31.718127], [35.247065, 31.717898], [35.247193, 31.717726], [35.247323, 31.717471], [35.24729, 31.717307], [35.247235, 31.71717], [35.247235, 31.71717], [35.247181, 31.717018], [35.247005, 31.716868], [35.247004, 31.716868], [35.246801, 31.716772], [35.246801, 31.716772], [35.246559, 31.7167], [35.246559, 31.716699], [35.246492, 31.71665], [35.246581, 31.716359], [35.246607, 31.716276], [35.246688, 31.716191], [35.2467, 31.716179], [35.246719, 31.716159], [35.246894, 31.716044], [35.24699, 31.71586], [35.247287, 31.715149], [35.246767, 31.715002], [35.247, 31.714509], [35.246841, 31.71428], [35.246741, 31.714184], [35.246638, 31.714085], [35.246484, 31.714031], [35.246218, 31.713912], [35.245933, 31.713748], [35.24558, 31.713509], [35.245448, 31.713344], [35.245271, 31.713125], [35.245271, 31.713125], [35.244931, 31.712807], [35.244931, 31.712807], [35.244586, 31.712469], [35.244586, 31.712469], [35.244384, 31.712265], [35.244384, 31.712265], [35.244198, 31.712116], [35.244198, 31.712116], [35.243971, 31.712024], [35.243971, 31.712024], [35.243816, 31.711987], [35.243816, 31.711987], [35.243539, 31.711958], [35.243258, 31.711964], [35.243043, 31.71194], [35.242895, 31.711831], [35.242895, 31.711831], [35.243226, 31.711585], [35.243495, 31.711305], [35.243777, 31.710972], [35.24398, 31.710676], [35.244332, 31.710124], [35.244628, 31.709595], [35.244773, 31.709401], [35.244888, 31.709365], [35.244888, 31.709365], [35.245073, 31.709453], [35.245073, 31.709453], [35.245438, 31.709651], [35.245438, 31.709651], [35.245548, 31.709765], [35.245548, 31.709765], [35.245635, 31.709887], [35.24568, 31.710018], [35.245674, 31.71041], [35.245681, 31.710814], [35.245693, 31.710946], [35.245752, 31.711045], [35.245752, 31.711045], [35.245889, 31.711122], [35.245889, 31.711122], [35.246007, 31.711152], [35.246166, 31.711153], [35.246305, 31.711107], [35.24642, 31.711021], [35.246497, 31.710892], [35.246536, 31.710763], [35.246558, 31.710519], [35.246628, 31.709962], [35.246687, 31.709673], [35.246773, 31.709363], [35.246887, 31.709041], [35.247012, 31.708611], [35.247098, 31.708278], [35.247131, 31.707934], [35.247239, 31.707336], [35.247344, 31.706854], [35.247345, 31.706514], [35.247284, 31.706299], [35.24721, 31.706149], [35.247093, 31.705951], [35.247093, 31.705951], [35.246968, 31.705805]]}}, {"type": "Feature", "properties": {"Status": "Constructed", "Type": "Fence", "OBJECTID": 9}, "geometry": {"type": "LineString", "coordinates": [[35.246968, 31.705805], [35.246968, 31.705805], [35.246825, 31.705712], [35.246664, 31.705607], [35.24648, 31.705554], [35.246259, 31.705498], [35.24602, 31.705494], [35.245802, 31.705554], [35.245555, 31.705618], [35.244532, 31.706018], [35.243996, 31.706219], [35.243674, 31.70631], [35.243163, 31.706419], [35.242663, 31.706543], [35.242331, 31.706649], [35.242072, 31.706782], [35.241798, 31.706983], [35.241488, 31.707241], [35.241254, 31.707489], [35.240988, 31.707813], [35.240743, 31.708066], [35.24049, 31.708251], [35.240076, 31.708445], [35.239673, 31.708614], [35.239281, 31.708788], [35.23894, 31.709028], [35.238606, 31.709296], [35.238415, 31.70945], [35.238263, 31.709644], [35.238074, 31.709929], [35.237898, 31.71027], [35.237732, 31.710555], [35.237525, 31.710769], [35.237294, 31.710921], [35.237001, 31.71104], [35.23687, 31.711076], [35.236642, 31.711109], [35.236352, 31.711104], [35.23571, 31.711106], [35.235436, 31.711111], [35.235136, 31.711159], [35.23487, 31.711221], [35.234615, 31.711306], [35.2344, 31.71143], [35.23413, 31.711577], [35.233872, 31.711778], [35.233645, 31.712054], [35.233428, 31.712325]]}}, {"type": "Feature", "properties": {"Status": "Constructed", "Type": "Fence", "OBJECTID": 10}, "geometry": {"type": "LineString", "coordinates": [[35.195184, 31.723562], [35.194672, 31.723539], [35.193738, 31.72345], [35.19339, 31.723339], [35.193162, 31.723188], [35.193037, 31.723104], [35.192833, 31.723108], [35.192692, 31.723134], [35.192637, 31.723197], [35.192611, 31.723273], [35.192636, 31.723392], [35.192713, 31.723558], [35.192992, 31.724026], [35.193022, 31.724123], [35.193025, 31.724228], [35.192994, 31.724338], [35.192929, 31.724425], [35.192898, 31.724445], [35.192868, 31.724465], [35.192757, 31.724481], [35.192131, 31.724453], [35.192031, 31.724465], [35.191898, 31.724519], [35.191699, 31.724623], [35.191453, 31.724837], [35.191384, 31.724924], [35.191279, 31.724988], [35.191168, 31.725019], [35.191045, 31.725016], [35.19095, 31.724984], [35.190842, 31.724924], [35.190795, 31.72481], [35.190735, 31.724649], [35.190461, 31.724167], [35.190317, 31.723964], [35.190141, 31.723843], [35.189899, 31.723747], [35.189741, 31.723688], [35.189562, 31.723662], [35.189355, 31.723666], [35.189166, 31.723688], [35.18875, 31.723805], [35.187644, 31.724139], [35.187428, 31.724246]]}}, {"type": "Feature", "properties": {"Status": "Constructed", "Type": "Concrete", "OBJECTID": 23}, "geometry": {"type": "LineString", "coordinates": [[35.16823, 31.726636], [35.168232, 31.726621], [35.168232, 31.726604], [35.168223, 31.726559], [35.168205, 31.726504], [35.168146, 31.726352], [35.168135, 31.726314], [35.168134, 31.726287], [35.168013, 31.725949], [35.16799, 31.725924], [35.167969, 31.725908], [35.167953, 31.725899], [35.167902, 31.725876], [35.167864, 31.725855], [35.167347, 31.725606], [35.166764, 31.725404], [35.166704, 31.725415], [35.166635, 31.725432], [35.166573, 31.725449], [35.166527, 31.725466], [35.16651, 31.725474], [35.166493, 31.725485], [35.166476, 31.725499], [35.166458, 31.725516], [35.166423, 31.725557], [35.16638, 31.725618], [35.166273, 31.725867], [35.166098, 31.72626], [35.165942, 31.726428], [35.165668, 31.7265], [35.165361, 31.72647], [35.165148, 31.726532]]}}, {"type": "Feature", "properties": {"Status": "Constructed", "Type": "Fence", "OBJECTID": 27}, "geometry": {"type": "LineString", "coordinates": [[35.033359, 31.94125], [35.033359, 31.94125], [35.03353, 31.941365], [35.033668, 31.941506], [35.033862, 31.941689], [35.034061, 31.9418], [35.034337, 31.941896], [35.034709, 31.941995], [35.034985, 31.942086], [35.035176, 31.94215], [35.035507, 31.942183], [35.036316, 31.942318], [35.036899, 31.942485], [35.037142, 31.942576], [35.03863, 31.943302], [35.039072, 31.943553], [35.039377, 31.943667], [35.040207, 31.943997], [35.040793, 31.944195], [35.041266, 31.944302], [35.042127, 31.944522], [35.042983, 31.944743], [35.043669, 31.944899], [35.044506, 31.945026], [35.045104, 31.945109], [35.045267, 31.945107], [35.045473, 31.945075], [35.045607, 31.945044], [35.045751, 31.94498], [35.045867, 31.944901], [35.045992, 31.944737], [35.046294, 31.944255], [35.046474, 31.944032], [35.046623, 31.943911], [35.046778, 31.94386], [35.046973, 31.943829], [35.047326, 31.943828], [35.048133, 31.943872], [35.048396, 31.943863], [35.048663, 31.943801], [35.048809, 31.943756], [35.048947, 31.943668], [35.04909, 31.943565], [35.049237, 31.943382], [35.04946, 31.943063], [35.050229, 31.941915], [35.050424, 31.941621], [35.050458, 31.941549]]}}, {"type": "Feature", "properties": {"Status": "Constructed", "Type": "Fence", "OBJECTID": 28}, "geometry": {"type": "LineString", "coordinates": [[35.206121, 31.725995], [35.206497, 31.72572], [35.207018, 31.725442], [35.207226, 31.725257], [35.207356, 31.725], [35.207401, 31.724737], [35.207574, 31.724299]]}}, {"type": "Feature", "properties": {"Status": "Constructed", "Type": "Fence", "OBJECTID": 29}, "geometry": {"type": "LineString", "coordinates": [[35.233428, 31.712325], [35.233335, 31.712413], [35.233188, 31.712553], [35.232881, 31.712816], [35.232699, 31.71291], [35.232292, 31.713149], [35.23168, 31.71346], [35.23135, 31.713671], [35.231064, 31.71387], [35.230846, 31.714074], [35.230568, 31.714355], [35.230308, 31.714694], [35.230097, 31.715008], [35.229937, 31.715321], [35.229694, 31.715893], [35.229535, 31.71623], [35.229481, 31.716374], [35.229433, 31.716447], [35.229323, 31.716506], [35.229206, 31.716541], [35.229083, 31.716534], [35.228921, 31.716508], [35.228775, 31.716496], [35.228658, 31.716498], [35.228548, 31.716548], [35.228405, 31.71666], [35.227811, 31.717248], [35.227707, 31.717365], [35.227595, 31.717567], [35.22751, 31.717745], [35.227462, 31.717827], [35.227385, 31.717886], [35.227351, 31.717889], [35.227318, 31.717892], [35.227217, 31.717865], [35.227154, 31.717794], [35.227151, 31.71768], [35.227272, 31.717353], [35.227677, 31.716329], [35.227784, 31.716118], [35.22787, 31.715978], [35.227894, 31.715848], [35.227872, 31.715746], [35.227801, 31.715683], [35.227694, 31.715642], [35.227554, 31.71564], [35.227393, 31.715676], [35.227289, 31.71574], [35.227147, 31.715901], [35.226975, 31.716146], [35.226824, 31.716363], [35.226169, 31.71701], [35.225824, 31.717312], [35.225709, 31.717371], [35.225664, 31.717369], [35.225619, 31.717368], [35.225495, 31.717298], [35.225477, 31.717265], [35.22546, 31.717232], [35.225463, 31.717132], [35.225581, 31.717026], [35.22573, 31.716869], [35.225822, 31.716725], [35.225917, 31.716499], [35.226002, 31.716311], [35.226069, 31.716085], [35.226096, 31.71586], [35.226087, 31.715832], [35.226079, 31.715804], [35.225999, 31.715757], [35.225893, 31.71574], [35.225848, 31.715741], [35.225804, 31.715742], [35.225721, 31.715781], [35.22565, 31.715854], [35.22563, 31.71594], [35.225634, 31.716098], [35.225615, 31.716237], [35.225567, 31.716352], [35.225476, 31.716511], [35.225379, 31.716661], [35.225242, 31.716787], [35.225011, 31.716977], [35.22478, 31.717125], [35.224603, 31.71719], [35.224486, 31.717182], [35.224361, 31.717113], [35.224292, 31.717014], [35.224278, 31.71688], [35.224267, 31.716662], [35.224269, 31.716504], [35.224217, 31.716328], [35.224091, 31.716068], [35.223996, 31.715857], [35.223894, 31.715739], [35.223876, 31.715718], [35.223807, 31.715657], [35.223695, 31.71564], [35.223573, 31.715647], [35.223351, 31.715713], [35.222918, 31.71583], [35.222668, 31.715892], [35.22239, 31.715944], [35.222218, 31.715952], [35.222045, 31.715993], [35.221858, 31.716102], [35.221497, 31.716404], [35.22129, 31.716622], [35.221196, 31.716672], [35.221084, 31.716669], [35.221005, 31.716599], [35.220986, 31.716503], [35.221016, 31.716393], [35.221323, 31.715911], [35.221503, 31.715492], [35.221644, 31.715147], [35.221779, 31.714674], [35.221983, 31.714093], [35.222115, 31.713742], [35.222193, 31.713528], [35.2222, 31.713347], [35.222156, 31.713147], [35.222064, 31.71301], [35.221899, 31.712913], [35.221703, 31.712883], [35.221514, 31.712891], [35.221309, 31.712976], [35.221134, 31.713117], [35.220829, 31.713456], [35.220566, 31.713662], [35.220264, 31.713867], [35.219954, 31.714001], [35.219666, 31.714097], [35.219327, 31.71416], [35.219015, 31.714185], [35.218727, 31.714257], [35.218489, 31.714371], [35.218264, 31.714532], [35.218028, 31.714689], [35.217808, 31.714845], [35.217576, 31.71494], [35.217393, 31.715005], [35.217121, 31.715039], [35.216683, 31.71517], [35.216428, 31.715261], [35.216178, 31.715318], [35.215968, 31.715417], [35.215616, 31.715614], [35.215376, 31.715752], [35.215047, 31.716029], [35.214457, 31.716579], [35.214211, 31.716793], [35.214008, 31.716949], [35.213775, 31.717016], [35.213581, 31.717086], [35.213332, 31.717181], [35.213118, 31.717318], [35.212812, 31.717615], [35.212425, 31.718008], [35.212268, 31.718182], [35.21207, 31.71831], [35.211794, 31.718444], [35.211424, 31.718617], [35.211236, 31.718711], [35.21111, 31.718832], [35.211025, 31.718982], [35.210985, 31.719178], [35.210995, 31.719359], [35.211077, 31.71952], [35.211213, 31.719632], [35.211398, 31.71987], [35.211566, 31.720125], [35.211608, 31.720277], [35.211618, 31.720444], [35.211584, 31.720664], [35.2115, 31.720895], [35.21133, 31.72126], [35.21121, 31.721382], [35.211012, 31.72149], [35.210847, 31.721536], [35.210708, 31.721557], [35.210474, 31.721576], [35.210262, 31.72157], [35.209983, 31.721575], [35.209733, 31.721622], [35.20954, 31.721716], [35.209352, 31.721824], [35.209194, 31.721975], [35.20902, 31.722155], [35.208864, 31.722415], [35.208407, 31.723387], [35.208278, 31.723595], [35.208137, 31.723807], [35.20807, 31.724018], [35.207967, 31.724158], [35.207852, 31.724261], [35.207719, 31.724301], [35.207574, 31.724299]]}}, {"type": "Feature", "properties": {"Status": "Constructed", "Type": "Concrete", "OBJECTID": 30}, "geometry": {"type": "LineString", "coordinates": [[35.195184, 31.723562], [35.19536, 31.72357], [35.195538, 31.723557], [35.195661, 31.723517], [35.195865, 31.723375], [35.196099, 31.723151], [35.196278, 31.722919], [35.196455, 31.722592], [35.196871, 31.721759], [35.196989, 31.721594], [35.197143, 31.721468], [35.19727, 31.721374], [35.197479, 31.721295], [35.197685, 31.721239], [35.198319, 31.721147], [35.198597, 31.72108], [35.198768, 31.721029], [35.199228, 31.720845], [35.199393, 31.720775], [35.199504, 31.72073], [35.199817, 31.720734], [35.199849, 31.720758], [35.19988, 31.720781], [35.199885, 31.720789], [35.200043, 31.721093], [35.200155, 31.721311], [35.200271, 31.721476], [35.200343, 31.721529], [35.200484, 31.721564], [35.200616, 31.721562], [35.20112, 31.721358], [35.201696, 31.721213], [35.202081, 31.721194], [35.202813, 31.720924], [35.202308, 31.719987], [35.202253, 31.719457], [35.201983, 31.719411], [35.201934, 31.719291], [35.202025, 31.719276], [35.202036, 31.719317], [35.202145, 31.719303], [35.202118, 31.718998], [35.202107, 31.718873], [35.201567, 31.718996], [35.201464, 31.718824], [35.201466, 31.718533], [35.202129, 31.718316], [35.202165, 31.718399], [35.202285, 31.718622], [35.20241, 31.719093], [35.202442, 31.719715], [35.202506, 31.719819], [35.202733, 31.719785], [35.203368, 31.719541], [35.20351, 31.719599], [35.203883, 31.720125], [35.203501, 31.720334], [35.20317, 31.720437], [35.202916, 31.719868], [35.202511, 31.720027], [35.203042, 31.720972], [35.202931, 31.721079], [35.202694, 31.721083], [35.202189, 31.721257], [35.202158, 31.721398], [35.202172, 31.72151], [35.202278, 31.722691], [35.202348, 31.72281], [35.202445, 31.722903], [35.202509, 31.722998], [35.202542, 31.723112], [35.202545, 31.723255], [35.202504, 31.723389], [35.202447, 31.723581], [35.202403, 31.723747], [35.202415, 31.723877], [35.20252, 31.724012], [35.202672, 31.724135], [35.202886, 31.724208], [35.203545, 31.72423]]}}, {"type": "Feature", "properties": {"Status": "Constructed", "Type": "Concrete", "OBJECTID": 31}, "geometry": {"type": "LineString", "coordinates": [[35.207574, 31.724299], [35.207456, 31.724253], [35.207337, 31.724174], [35.207261, 31.724061], [35.207197, 31.723962], [35.207122, 31.723848], [35.206986, 31.72377], [35.206235, 31.72342], [35.205957, 31.723272], [35.205856, 31.723463], [35.205742, 31.7236], [35.205604, 31.723703], [35.205461, 31.723767], [35.205267, 31.723823], [35.205071, 31.723827], [35.204898, 31.723811], [35.204713, 31.723776], [35.204505, 31.723746], [35.204293, 31.723735], [35.204071, 31.723782], [35.203849, 31.723862], [35.203589, 31.723938], [35.203551, 31.724011], [35.203545, 31.72423]]}}, {"type": "Feature", "properties": {"Status": "Constructed", "Type": "Concrete", "OBJECTID": 34}, "geometry": {"type": "LineString", "coordinates": [[35.267556, 31.819589], [35.267354, 31.819545], [35.266815, 31.819542], [35.266665, 31.819541], [35.266314, 31.819539], [35.26448, 31.819524], [35.264309, 31.819506], [35.264134, 31.819466], [35.263904, 31.819403], [35.263666, 31.819269], [35.263466, 31.81912], [35.263255, 31.818933], [35.263139, 31.818758], [35.263017, 31.818565], [35.262929, 31.81838], [35.262924, 31.818359], [35.262918, 31.818328], [35.262884, 31.818171], [35.262807, 31.817972], [35.262689, 31.817716], [35.262568, 31.817566], [35.262422, 31.817411], [35.262245, 31.817261], [35.262036, 31.81715], [35.261855, 31.817073], [35.261641, 31.817024], [35.261417, 31.817013], [35.261032, 31.817016], [35.261003, 31.817016], [35.260764, 31.81702], [35.260523, 31.816996], [35.26033, 31.816904], [35.260187, 31.816759], [35.260094, 31.816584], [35.259981, 31.816337], [35.25987, 31.816144], [35.259652, 31.815909], [35.259453, 31.815768], [35.259439, 31.815759], [35.259408, 31.815737], [35.259263, 31.81567], [35.259131, 31.815608], [35.258819, 31.815423], [35.258562, 31.815184], [35.258343, 31.81493], [35.258266, 31.814745], [35.258211, 31.814541], [35.258194, 31.814341], [35.258189, 31.81413], [35.258189, 31.814117], [35.2582, 31.813883], [35.258264, 31.813734], [35.258333, 31.813613], [35.258384, 31.813428], [35.258385, 31.813426], [35.258368, 31.813211], [35.25828, 31.813046], [35.25812, 31.812882], [35.257922, 31.812709], [35.257766, 31.812487], [35.257554, 31.812257], [35.257397, 31.812036], [35.257131, 31.811878], [35.256754, 31.811775], [35.256479, 31.811727], [35.256152, 31.81164], [35.25572, 31.811571], [35.255333, 31.81153], [35.25492, 31.811528], [35.254288, 31.811525], [35.253958, 31.811526], [35.253718, 31.81155], [35.253412, 31.811603], [35.253084, 31.811671], [35.252839, 31.811684], [35.252559, 31.811685], [35.252044, 31.811627], [35.251841, 31.811627], [35.251759, 31.811627], [35.251553, 31.811602], [35.251386, 31.8116], [35.251219, 31.811642], [35.251065, 31.811721], [35.2509, 31.811862], [35.250742, 31.812013], [35.250577, 31.81213], [35.250362, 31.812268], [35.250031, 31.812417], [35.249815, 31.812516], [35.249677, 31.81259], [35.249519, 31.812731], [35.249349, 31.812873], [35.249194, 31.812956], [35.248995, 31.813051], [35.24878, 31.81314], [35.248508, 31.81325], [35.248315, 31.813339], [35.24825, 31.813374], [35.248105, 31.813453], [35.248057, 31.813498], [35.247963, 31.813584], [35.247844, 31.813753], [35.247758, 31.813893], [35.247723, 31.813971], [35.247689, 31.814047], [35.247671, 31.814236], [35.247653, 31.814399], [35.247589, 31.814505], [35.24748, 31.814645], [35.247262, 31.814883], [35.246656, 31.815605], [35.246417, 31.815895], [35.246297, 31.816017], [35.246127, 31.816153], [35.245912, 31.816272], [35.245652, 31.816367], [35.24538, 31.816443], [35.245157, 31.816471], [35.244917, 31.81649], [35.244693, 31.816489], [35.244469, 31.816455], [35.244261, 31.816401], [35.24408, 31.816323], [35.243837, 31.816213], [35.243763, 31.816162], [35.243667, 31.816096], [35.243422, 31.815919], [35.243186, 31.815628], [35.243057, 31.815441], [35.242866, 31.815163], [35.242671, 31.814942], [35.242527, 31.814797], [35.242357, 31.814685], [35.242239, 31.814649], [35.242021, 31.814644], [35.241819, 31.814633], [35.241618, 31.814617]]}}, {"type": "Feature", "properties": {"Status": "Constructed", "Type": "Fence", "OBJECTID": 39}, "geometry": {"type": "LineString", "coordinates": [[35.19452, 31.837411], [35.195476, 31.837728], [35.195715, 31.837735], [35.196095, 31.837714], [35.196573, 31.83744], [35.196717, 31.837223], [35.197265, 31.836251], [35.197285, 31.836174], [35.197286, 31.836174], [35.197372, 31.83585], [35.197695, 31.834623], [35.197954, 31.833274], [35.198114, 31.831609], [35.198166, 31.831133], [35.198188, 31.830925], [35.198314, 31.830571], [35.19839, 31.830371], [35.19847, 31.83016], [35.198512, 31.830087], [35.198618, 31.829903], [35.198661, 31.829832], [35.19877, 31.829649], [35.198938, 31.829367], [35.199185, 31.829054], [35.199528, 31.828479], [35.199763, 31.827702], [35.199672, 31.827097], [35.199318, 31.826414], [35.19913, 31.825953], [35.199104, 31.825373], [35.199211, 31.825007], [35.199374, 31.824822], [35.199592, 31.824529], [35.199843, 31.824292], [35.200179, 31.824092], [35.200808, 31.823756], [35.202224, 31.823197], [35.202702, 31.823076], [35.203205, 31.822975], [35.204307, 31.822715], [35.204567, 31.8226], [35.204894, 31.822407], [35.205204, 31.822149], [35.205489, 31.821827], [35.205808, 31.821398], [35.206411, 31.820703], [35.206881, 31.820503], [35.207552, 31.820267], [35.209312, 31.819737], [35.209849, 31.819672], [35.210293, 31.819723], [35.210771, 31.81988], [35.211115, 31.820123], [35.211403, 31.820553], [35.211487, 31.820868], [35.211495, 31.821168], [35.211286, 31.823927], [35.211292, 31.823972]]}}, {"type": "Feature", "properties": {"Status": "Constructed", "Type": "Concrete", "OBJECTID": 44}, "geometry": {"type": "LineString", "coordinates": [[35.212095, 31.827537], [35.212091, 31.827752], [35.212041, 31.828138], [35.21194, 31.828582], [35.211932, 31.828761], [35.212309, 31.829062], [35.211781, 31.830222], [35.211387, 31.831298], [35.21127, 31.831799], [35.211194, 31.832207], [35.211162, 31.832437], [35.211156, 31.832479], [35.211106, 31.832514], [35.211045, 31.832541]]}}, {"type": "Feature", "properties": {"Status": "Constructed", "Type": "Fence", "OBJECTID": 51}, "geometry": {"type": "LineString", "coordinates": [[34.997098, 31.940459], [34.997039, 31.940073], [34.997017, 31.939582], [34.997007, 31.939353], [34.997045, 31.939071], [34.997138, 31.938726], [34.997375, 31.938288], [34.997922, 31.937415], [34.999132, 31.935427], [34.999623, 31.934632], [34.999848, 31.934132], [35.00007, 31.933565], [35.000143, 31.933307], [35.000233, 31.932797], [35.000275, 31.93241], [35.000377, 31.932198], [35.000513, 31.932057], [35.000702, 31.931983], [35.000975, 31.93194], [35.001284, 31.931969], [35.001598, 31.932021], [35.001757, 31.932015]]}}, {"type": "Feature", "properties": {"Status": "Constructed", "Type": "Fence", "OBJECTID": 52}, "geometry": {"type": "LineString", "coordinates": [[35.001757, 31.932015], [35.001816, 31.932013], [35.0021, 31.931913], [35.00246, 31.93174], [35.003074, 31.931435], [35.003508, 31.93129], [35.004003, 31.931158], [35.005092, 31.93088], [35.005682, 31.930742], [35.006094, 31.930626], [35.00641, 31.930487], [35.006619, 31.930346], [35.006767, 31.93021], [35.006958, 31.929987], [35.007139, 31.929803], [35.007337, 31.929647], [35.00747, 31.929575], [35.007686, 31.929484], [35.007959, 31.929432], [35.008267, 31.929427], [35.008582, 31.929503], [35.008729, 31.929591], [35.00892, 31.92971], [35.010274, 31.93055], [35.010451, 31.930695], [35.010532, 31.930828], [35.010636, 31.930993], [35.010719, 31.931207], [35.01084, 31.931348], [35.010956, 31.931515], [35.01112, 31.931618], [35.011319, 31.931758], [35.011428, 31.931866], [35.011583, 31.932054], [35.01212, 31.933048], [35.012187, 31.933184], [35.012205, 31.933221], [35.012205, 31.933221]]}}, {"type": "Feature", "properties": {"Status": "Constructed", "Type": "Fence", "OBJECTID": 53}, "geometry": {"type": "LineString", "coordinates": [[35.04077, 31.89856], [35.040808, 31.898507], [35.040974, 31.89843], [35.041218, 31.898331], [35.041762, 31.89815], [35.042068, 31.898055], [35.042268, 31.89798], [35.042338, 31.897893]]}}, {"type": "Feature", "properties": {"Status": "Constructed", "Type": "Concrete", "OBJECTID": 57}, "geometry": {"type": "LineString", "coordinates": [[35.258108, 31.797343], [35.258048, 31.797306], [35.257979, 31.797258], [35.257933, 31.797209], [35.257918, 31.797175], [35.257917, 31.797068], [35.257945, 31.796994], [35.258109, 31.796368], [35.258351, 31.795469], [35.258454, 31.795078], [35.258696, 31.794195], [35.258896, 31.793366], [35.259831, 31.78991], [35.260034, 31.789228], [35.260159, 31.788734], [35.260273, 31.788388], [35.260324, 31.788156], [35.260496, 31.787335], [35.260553, 31.787147], [35.260613, 31.786995], [35.260687, 31.786848], [35.260773, 31.786718], [35.260956, 31.786496], [35.261086, 31.786365], [35.261209, 31.786235], [35.261363, 31.786046], [35.261496, 31.78586], [35.261651, 31.785649], [35.261654, 31.785492], [35.261679, 31.785389], [35.261732, 31.785343], [35.261874, 31.785274], [35.261985, 31.785154], [35.262079, 31.785005], [35.262135, 31.784867], [35.262163, 31.784727], [35.262159, 31.784589], [35.26214, 31.784411]]}}, {"type": "Feature", "properties": {"Status": "Constructed", "Type": "Fence", "OBJECTID": 64}, "geometry": {"type": "LineString", "coordinates": [[35.042338, 31.897893], [35.04217, 31.897382], [35.042097, 31.897345]]}}, {"type": "Feature", "properties": {"Status": "Constructed", "Type": "Concrete", "OBJECTID": 69}, "geometry": {"type": "LineString", "coordinates": [[35.157376, 31.740418], [35.157371, 31.740013], [35.157377, 31.7399], [35.157324, 31.73945], [35.157131, 31.739077], [35.156439, 31.738826], [35.155968, 31.738821], [35.155554, 31.738726], [35.155216, 31.738523], [35.154878, 31.737984], [35.15491, 31.737425], [35.155011, 31.737213], [35.155118, 31.736782], [35.15544, 31.73615], [35.15544, 31.73615], [35.155499, 31.735649], [35.155273, 31.735256], [35.155044, 31.735128], [35.154991, 31.734968]]}}, {"type": "Feature", "properties": {"Status": "Constructed", "Type": "Fence", "OBJECTID": 71}, "geometry": {"type": "LineString", "coordinates": [[35.042097, 31.897345], [35.039971, 31.897466], [35.03963, 31.897476], [35.039444, 31.897431], [35.03928, 31.897353], [35.039165, 31.897206], [35.039116, 31.897012], [35.039155, 31.896736], [35.039312, 31.894987], [35.039598, 31.893014], [35.039579, 31.890852], [35.039588, 31.889258], [35.039601, 31.888797], [35.039642, 31.888629], [35.03971, 31.888418], [35.039863, 31.887762], [35.039919, 31.887527], [35.03993, 31.88725], [35.039933, 31.886369], [35.0399, 31.886146], [35.039696, 31.884984], [35.039302, 31.882361], [35.039275, 31.882132], [35.039226, 31.881966], [35.039138, 31.881772], [35.038999, 31.881535], [35.038731, 31.881174], [35.038555, 31.880936], [35.038471, 31.880708], [35.038357, 31.880343], [35.038238, 31.879784], [35.038044, 31.878818], [35.03799, 31.878399], [35.037729, 31.876697], [35.037713, 31.876492], [35.037714, 31.876301], [35.03774, 31.875952]]}}, {"type": "Feature", "properties": {"Status": "Constructed", "Type": "Fence", "OBJECTID": 74}, "geometry": {"type": "LineString", "coordinates": [[35.24845, 31.732583], [35.248477, 31.732525], [35.248983, 31.73196], [35.249362, 31.7315], [35.249729, 31.731193], [35.250114, 31.730962], [35.250606, 31.730734], [35.251308, 31.730444], [35.25179, 31.730278], [35.252156, 31.730181], [35.252466, 31.730085], [35.25272, 31.729956], [35.252924, 31.729824], [35.253121, 31.729658], [35.253305, 31.729438], [35.253706, 31.72891], [35.254014, 31.728514], [35.254238, 31.728281], [35.254538, 31.727989], [35.254844, 31.727759], [35.255023, 31.727565], [35.25512, 31.727406], [35.255177, 31.727247], [35.255168, 31.727071], [35.255136, 31.726905], [35.255013, 31.726682], [35.254714, 31.726335], [35.254631, 31.726143], [35.254549, 31.725968], [35.254494, 31.725773], [35.254483, 31.725544], [35.254505, 31.725295], [35.254583, 31.725075], [35.254732, 31.724757], [35.254983, 31.724309], [35.255329, 31.723594], [35.255794, 31.722717], [35.256037, 31.722149], [35.256103, 31.721876], [35.256147, 31.72162], [35.256212, 31.721333], [35.256261, 31.721041], [35.25636, 31.720743], [35.256487, 31.720464], [35.256587, 31.720195], [35.256649, 31.719984], [35.256672, 31.719788], [35.256665, 31.719501], [35.25667, 31.719258], [35.256631, 31.71903], [35.25653, 31.718778], [35.25639, 31.718537], [35.256298, 31.718396]]}}, {"type": "Feature", "properties": {"Status": "Constructed", "Type": "Fence", "OBJECTID": 85}, "geometry": {"type": "LineString", "coordinates": [[35.03774, 31.875952], [35.037747, 31.875756], [35.03771, 31.875595], [35.037602, 31.875277], [35.037608, 31.875019], [35.037665, 31.874803], [35.037772, 31.874591], [35.037876, 31.874438], [35.037913, 31.874384], [35.038115, 31.873908], [35.038154, 31.873678], [35.038187, 31.873401], [35.038175, 31.873115], [35.038064, 31.872363], [35.037731, 31.870196], [35.037502, 31.868713], [35.037486, 31.868489], [35.037441, 31.868204], [35.037222, 31.867214]]}}, {"type": "Feature", "properties": {"Status": "Constructed", "Type": "Fence", "OBJECTID": 88}, "geometry": {"type": "LineString", "coordinates": [[35.037222, 31.867214], [35.036969, 31.866075], [35.036848, 31.865407], [35.036809, 31.865159], [35.036585, 31.864399], [35.036329, 31.863136], [35.036255, 31.862836], [35.036249, 31.862574], [35.036265, 31.862249], [35.036353, 31.861694], [35.036422, 31.861278], [35.036446, 31.861082], [35.036425, 31.860896], [35.036355, 31.86074], [35.036245, 31.860579], [35.036118, 31.860409], [35.036042, 31.860263], [35.036038, 31.860096], [35.036091, 31.859932], [35.036222, 31.859797], [35.036316, 31.859747], [35.036511, 31.859701], [35.036773, 31.859664], [35.037471, 31.859624], [35.038051, 31.859581], [35.038424, 31.859532], [35.038714, 31.859466], [35.038924, 31.859367], [35.039184, 31.859215], [35.040805, 31.858205], [35.041517, 31.857755], [35.04176, 31.857622], [35.042095, 31.857462], [35.04312, 31.857006], [35.043535, 31.856818], [35.043768, 31.856714], [35.043945, 31.856644], [35.044151, 31.856603], [35.044425, 31.856589], [35.045531, 31.856538], [35.046059, 31.856513], [35.046389, 31.856493], [35.046718, 31.856445], [35.047001, 31.856359], [35.047239, 31.85626], [35.047444, 31.856151], [35.047664, 31.856], [35.047999, 31.855699], [35.04894, 31.855025], [35.049484, 31.854615], [35.050485, 31.85384], [35.050734, 31.853631], [35.050954, 31.853479], [35.051181, 31.853356], [35.051315, 31.853339], [35.051449, 31.853338], [35.051611, 31.853359], [35.051802, 31.853443], [35.05228, 31.853759], [35.052619, 31.853925], [35.052765, 31.853961], [35.052972, 31.853967], [35.0531, 31.853961], [35.053738, 31.85394], [35.053997, 31.853928], [35.054173, 31.853919], [35.05437, 31.853935], [35.054584, 31.854003], [35.054793, 31.854138], [35.055906, 31.854898], [35.05614, 31.855052], [35.057491, 31.855944], [35.058088, 31.856287], [35.058768, 31.856701], [35.059076, 31.856849], [35.059279, 31.856931], [35.059481, 31.856957], [35.059643, 31.856964], [35.059849, 31.856922], [35.060043, 31.856833], [35.060236, 31.856687], [35.060551, 31.856416], [35.061317, 31.855758], [35.061866, 31.855334], [35.062033, 31.855274], [35.062456, 31.855243], [35.063017, 31.855291], [35.063993, 31.855438], [35.064676, 31.855603], [35.065384, 31.855878], [35.065938, 31.856155], [35.066311, 31.856321], [35.066544, 31.856415], [35.066788, 31.856509], [35.067309, 31.85671], [35.067968, 31.856919], [35.068735, 31.857212], [35.069182, 31.85744], [35.069747, 31.857747], [35.070109, 31.857932], [35.070413, 31.858056], [35.070655, 31.858109], [35.070902, 31.858129], [35.071198, 31.858115], [35.07152, 31.858038], [35.071677, 31.858026], [35.071844, 31.858028], [35.072012, 31.858025], [35.072145, 31.857971], [35.072216, 31.857893], [35.072303, 31.857791], [35.072334, 31.857676], [35.072337, 31.857552], [35.072357, 31.857452], [35.072429, 31.857393], [35.072589, 31.857324], [35.072755, 31.857242], [35.073021, 31.857171], [35.073532, 31.85702], [35.073893, 31.856909], [35.074176, 31.85678], [35.074418, 31.856623], [35.074649, 31.856424], [35.074928, 31.856166], [35.075174, 31.8559], [35.075491, 31.855575], [35.075699, 31.855376], [35.075865, 31.855282], [35.076058, 31.855198], [35.076214, 31.855172], [35.076438, 31.855149], [35.076684, 31.855164], [35.076903, 31.855213], [35.07714, 31.855305], [35.077581, 31.855531], [35.077875, 31.855784], [35.078093, 31.855991], [35.078359, 31.856134], [35.078538, 31.856169], [35.078785, 31.856199], [35.079003, 31.856181], [35.079198, 31.856154], [35.079442, 31.856054], [35.079795, 31.855858], [35.080127, 31.855685], [35.080338, 31.855625], [35.080506, 31.855617], [35.080674, 31.855633], [35.080865, 31.855697], [35.081086, 31.855803], [35.081634, 31.856047], [35.081853, 31.85611], [35.081873, 31.856114]]}}, {"type": "Feature", "properties": {"Status": "Constructed", "Type": "Fence", "OBJECTID": 89}, "geometry": {"type": "LineString", "coordinates": [[35.096793, 31.835512], [35.096962, 31.835055], [35.097113, 31.834809], [35.097382, 31.834605], [35.097548, 31.834525], [35.097797, 31.834421], [35.098092, 31.834349], [35.098354, 31.834332], [35.098633, 31.834364], [35.098855, 31.83448], [35.099128, 31.834686], [35.099499, 31.835009], [35.099653, 31.835168], [35.099829, 31.835261], [35.099975, 31.835297], [35.100142, 31.835275], [35.100342, 31.835195], [35.100462, 31.83506], [35.100525, 31.83492], [35.100561, 31.834753], [35.100518, 31.834605], [35.100449, 31.834501], [35.100268, 31.834414], [35.100009, 31.834332], [35.099772, 31.83425], [35.09954, 31.83412], [35.099149, 31.833871], [35.098864, 31.833628], [35.098704, 31.833478], [35.098572, 31.833318], [35.098385, 31.833206], [35.098252, 31.833142], [35.098204, 31.833119], [35.098019, 31.833098], [35.097778, 31.833078], [35.097554, 31.833077], [35.097242, 31.83312], [35.097037, 31.833176], [35.09687, 31.833222], [35.096726, 31.833277], [35.096614, 31.833278], [35.096524, 31.833247], [35.096449, 31.833157], [35.096446, 31.833038], [35.096471, 31.832904], [35.096608, 31.832772], [35.09678, 31.832708], [35.096902, 31.832682], [35.09717, 31.832625], [35.097392, 31.832593], [35.097677, 31.832578], [35.098029, 31.832582], [35.098466, 31.832613], [35.098818, 31.83271], [35.098826, 31.832712], [35.099266, 31.832896], [35.099482, 31.833021], [35.09963, 31.833138], [35.099738, 31.833208], [35.099884, 31.833244], [35.100051, 31.833231], [35.100179, 31.833186], [35.100339, 31.833088], [35.100442, 31.832977], [35.100484, 31.832861], [35.100465, 31.832728], [35.100379, 31.832629], [35.100152, 31.832518], [35.099499, 31.832179], [35.099355, 31.832105], [35.098441, 31.831571], [35.097982, 31.831225], [35.097851, 31.831113], [35.097787, 31.83094], [35.097766, 31.830823], [35.097769, 31.830718], [35.097808, 31.830587], [35.097811, 31.830579], [35.09793, 31.830431], [35.098201, 31.830274], [35.098511, 31.830135], [35.099118, 31.82981], [35.100011, 31.829242], [35.100518, 31.828914], [35.100799, 31.828752], [35.100958, 31.828587], [35.100949, 31.828439], [35.100889, 31.828282], [35.10077, 31.828189], [35.100629, 31.828129], [35.100472, 31.828118], [35.100327, 31.828125], [35.100155, 31.828175], [35.09994, 31.828317], [35.099704, 31.828526], [35.099467, 31.828664], [35.099162, 31.828774], [35.098362, 31.829007], [35.098228, 31.828995], [35.098109, 31.82893], [35.098094, 31.828905], [35.098079, 31.828881], [35.098016, 31.828798], [35.098003, 31.828693], [35.098057, 31.828606], [35.098173, 31.828552], [35.098498, 31.828399], [35.098753, 31.828279], [35.099145, 31.828037], [35.099752, 31.827678], [35.100413, 31.827224], [35.100913, 31.826876], [35.101348, 31.826609], [35.102457, 31.825956], [35.103314, 31.825512], [35.10405, 31.825185], [35.104465, 31.825026], [35.104688, 31.824979], [35.104999, 31.824912], [35.105373, 31.824886], [35.105588, 31.824876], [35.105814, 31.824865], [35.10635, 31.824832], [35.106724, 31.824807], [35.107047, 31.824763], [35.107258, 31.824703], [35.107401, 31.824609], [35.107583, 31.824473], [35.107747, 31.824327], [35.108043, 31.82406], [35.108256, 31.823851], [35.108477, 31.823718], [35.108798, 31.823589], [35.108996, 31.823538], [35.109252, 31.823495], [35.109487, 31.823492], [35.109896, 31.823542], [35.110311, 31.823621], [35.110597, 31.823645], [35.11091, 31.82364], [35.1112, 31.823606], [35.111506, 31.823544], [35.111814, 31.823452], [35.111828, 31.823448], [35.112121, 31.823314], [35.112364, 31.823172], [35.112618, 31.823043], [35.112879, 31.822963], [35.113207, 31.822881], [35.113446, 31.82282], [35.114144, 31.822653], [35.115435, 31.822318], [35.115678, 31.82225], [35.115912, 31.822246], [35.116165, 31.822276], [35.116363, 31.822377]]}}, {"type": "Feature", "properties": {"Status": "Constructed", "Type": "Concrete", "OBJECTID": 91}, "geometry": {"type": "LineString", "coordinates": [[35.234983, 31.844482], [35.23522, 31.844437], [35.235928, 31.844353], [35.236138, 31.844258], [35.236463, 31.84404], [35.2367, 31.843912], [35.236832, 31.843843], [35.23696, 31.843812], [35.237106, 31.843809], [35.237269, 31.843849], [35.23748, 31.843905], [35.237645, 31.843919], [35.237768, 31.843927], [35.237902, 31.843896], [35.238023, 31.843841], [35.238112, 31.84383], [35.238175, 31.843896], [35.238229, 31.844028], [35.238312, 31.844222], [35.238489, 31.844391], [35.238728, 31.844554], [35.239226, 31.844812], [35.239662, 31.845039], [35.239833, 31.845179], [35.239994, 31.845324], [35.240087, 31.845485], [35.24017, 31.845679], [35.240214, 31.845874], [35.24039, 31.846443], [35.240568, 31.847089], [35.240594, 31.847232], [35.240585, 31.847342], [35.240499, 31.847491], [35.240333, 31.847771], [35.240269, 31.84792], [35.240262, 31.848068], [35.240288, 31.848223], [35.240459, 31.848592], [35.24062, 31.849009], [35.240723, 31.849351], [35.240804, 31.849684], [35.240881, 31.849873], [35.24107, 31.850032], [35.241177, 31.850068], [35.241283, 31.850076], [35.241401, 31.850074]]}}, {"type": "Feature", "properties": {"Status": "Constructed", "Type": "Fence", "OBJECTID": 92}, "geometry": {"type": "LineString", "coordinates": [[35.116363, 31.822377], [35.116506, 31.822528], [35.116639, 31.822721], [35.116718, 31.823035], [35.116795, 31.823437], [35.116822, 31.823876], [35.116761, 31.824182], [35.116783, 31.824373], [35.116899, 31.824576], [35.117082, 31.824759], [35.117207, 31.824838], [35.117486, 31.824984], [35.117762, 31.82508], [35.118171, 31.82513], [35.118663, 31.825127], [35.119221, 31.825108], [35.119725, 31.825119], [35.120048, 31.82518], [35.120185, 31.825206], [35.12053, 31.825358], [35.120741, 31.82556], [35.120813, 31.825773], [35.12079, 31.825979], [35.120632, 31.826163], [35.120428, 31.826305], [35.120141, 31.826477], [35.120032, 31.826581], [35.119891, 31.826755], [35.119847, 31.827023], [35.119845, 31.827219], [35.119874, 31.8275], [35.119925, 31.827762], [35.120037, 31.828042], [35.120281, 31.828417], [35.12046, 31.828672], [35.120615, 31.828831], [35.120802, 31.828957], [35.121201, 31.829065], [35.121495, 31.829103], [35.121774, 31.829117], [35.12207, 31.829108], [35.122432, 31.82903], [35.122726, 31.828925], [35.123098, 31.828833], [35.123404, 31.828775], [35.123618, 31.828824], [35.123827, 31.828902], [35.123925, 31.829039]]}}, {"type": "Feature", "properties": {"Status": "Constructed", "Type": "Fence", "OBJECTID": 93}, "geometry": {"type": "LineString", "coordinates": [[35.123925, 31.829039], [35.123979, 31.829195], [35.123993, 31.829343], [35.124012, 31.829419], [35.124075, 31.829504], [35.124151, 31.829627], [35.124171, 31.829784], [35.124153, 31.829951], [35.124089, 31.830086], [35.123958, 31.830231], [35.123826, 31.830348], [35.123773, 31.830473], [35.123732, 31.830648], [35.123709, 31.83083], [35.123712, 31.830987], [35.123746, 31.831244], [35.123846, 31.831448], [35.123986, 31.831689], [35.124226, 31.831947], [35.124516, 31.832203], [35.124693, 31.832331], [35.124994, 31.832507], [35.125309, 31.832621], [35.125675, 31.832734], [35.126017, 31.832767], [35.126369, 31.832794], [35.126688, 31.832784], [35.127067, 31.832759], [35.127445, 31.832657], [35.127878, 31.832497], [35.128281, 31.832246], [35.128715, 31.831949], [35.129122, 31.831682], [35.129382, 31.831529], [35.12952, 31.831451], [35.129692, 31.831429], [35.129878, 31.831459], [35.130105, 31.831613], [35.130418, 31.83188], [35.130706, 31.832032], [35.130966, 31.832133], [35.131259, 31.832223], [35.131718, 31.8323], [35.131998, 31.832292], [35.132322, 31.832263], [35.132616, 31.832191], [35.132932, 31.832071], [35.133336, 31.831864], [35.134594, 31.830907], [35.13489, 31.830673]]}}, {"type": "Feature", "properties": {"Status": "Constructed", "Type": "Fence", "OBJECTID": 94}, "geometry": {"type": "LineString", "coordinates": [[35.154281, 31.813027], [35.154433, 31.813017], [35.15506, 31.812977], [35.15588, 31.812906], [35.156707, 31.812862], [35.156996, 31.81284], [35.157309, 31.81283], [35.157551, 31.812916], [35.157811, 31.813031], [35.158055, 31.813199], [35.158223, 31.813444], [35.158359, 31.813766], [35.158572, 31.814035], [35.158787, 31.81416], [35.159068, 31.814212], [35.15933, 31.814179], [35.159656, 31.81404], [35.160549, 31.813576], [35.161383, 31.813161], [35.16165, 31.813095], [35.161902, 31.813114], [35.162061, 31.813231], [35.162122, 31.813445], [35.162116, 31.813745], [35.162114, 31.813875], [35.162113, 31.813913], [35.162109, 31.814179]]}}, {"type": "Feature", "properties": {"Status": "Constructed", "Type": "Fence", "OBJECTID": 95}, "geometry": {"type": "LineString", "coordinates": [[35.081873, 31.856114], [35.082044, 31.856145], [35.082195, 31.856148], [35.082374, 31.856135], [35.082507, 31.856081], [35.082655, 31.855978], [35.083023, 31.855781], [35.083244, 31.855639], [35.083399, 31.85556], [35.083599, 31.855533], [35.083857, 31.855557], [35.084177, 31.855624], [35.084368, 31.85563], [35.084549, 31.855627]]}}, {"type": "Feature", "properties": {"Status": "Constructed", "Type": "Fence", "OBJECTID": 96}, "geometry": {"type": "LineString", "coordinates": [[35.183027, 31.860592], [35.183693, 31.861038], [35.184236, 31.861516], [35.184561, 31.861816], [35.184655, 31.861981]]}}, {"type": "Feature", "properties": {"Status": "Constructed", "Type": "Fence", "OBJECTID": 97}, "geometry": {"type": "LineString", "coordinates": [[35.13489, 31.830673], [35.135331, 31.830325], [35.136036, 31.829645], [35.136626, 31.829029], [35.136923, 31.828577], [35.137106, 31.828283], [35.137275, 31.828099], [35.137571, 31.827836], [35.137796, 31.827666], [35.138349, 31.827193], [35.138678, 31.826916], [35.138793, 31.826823], [35.138965, 31.826763], [35.139309, 31.826638], [35.139636, 31.826503], [35.139884, 31.826342], [35.140241, 31.826069], [35.140426, 31.825874], [35.140556, 31.825681], [35.140646, 31.82547], [35.1408, 31.825121], [35.140873, 31.824877], [35.14088, 31.824695], [35.140881, 31.824528], [35.140833, 31.824371], [35.140746, 31.824215], [35.14063, 31.82406], [35.140482, 31.823953], [35.140239, 31.823799], [35.139296, 31.823426], [35.1391, 31.823377], [35.138845, 31.823348], [35.138562, 31.823333], [35.138215, 31.823311], [35.138052, 31.823289], [35.137943, 31.823195], [35.137829, 31.823074], [35.137798, 31.822941], [35.137796, 31.822816], [35.137876, 31.822672], [35.138061, 31.822454], [35.138846, 31.821598], [35.139332, 31.82107], [35.139433, 31.820882], [35.139497, 31.820719], [35.13951, 31.820571], [35.13952, 31.820253], [35.139463, 31.820001], [35.139364, 31.819812]]}}, {"type": "Feature", "properties": {"Status": "Constructed", "Type": "Fence", "OBJECTID": 98}, "geometry": {"type": "LineString", "coordinates": [[35.139364, 31.819812], [35.13918, 31.819576], [35.138986, 31.819398], [35.138714, 31.819245], [35.13841, 31.81915], [35.138137, 31.819096], [35.137597, 31.819049], [35.137127, 31.819014], [35.136406, 31.819017], [35.136113, 31.819022], [35.135712, 31.819071], [35.135289, 31.819164], [35.133917, 31.819517], [35.13365, 31.819564], [35.133437, 31.819554], [35.133285, 31.819513], [35.133132, 31.819425], [35.133029, 31.819312], [35.132925, 31.81918], [35.13286, 31.819019], [35.132806, 31.818843], [35.132802, 31.818681], [35.132831, 31.81849], [35.132971, 31.818249], [35.133083, 31.818035], [35.133236, 31.817851], [35.13345, 31.817685], [35.135272, 31.816709], [35.13556, 31.816609], [35.135832, 31.816533], [35.1361, 31.816495], [35.136535, 31.816478], [35.138467, 31.81646], [35.138634, 31.816424], [35.13886, 31.816315], [35.138975, 31.816213], [35.139099, 31.816008], [35.139343, 31.815436], [35.139414, 31.815124], [35.139425, 31.814885], [35.13937, 31.814681], [35.139227, 31.814447], [35.13908, 31.814206], [35.139032, 31.814059], [35.139046, 31.81394], [35.139128, 31.813886], [35.139273, 31.813874], [35.139453, 31.813909], [35.139984, 31.814158], [35.140038, 31.814175], [35.140468, 31.814312], [35.140839, 31.814387], [35.141005, 31.814389], [35.141267, 31.814375], [35.141495, 31.814309], [35.14171, 31.814196], [35.141968, 31.814024], [35.142276, 31.813761], [35.142672, 31.813483], [35.142901, 31.813306], [35.143012, 31.81325], [35.143123, 31.813193], [35.143257, 31.813186], [35.143258, 31.813187], [35.143371, 31.813256], [35.143402, 31.813403], [35.143344, 31.813543], [35.143186, 31.813717], [35.142825, 31.814077], [35.142545, 31.814296], [35.142419, 31.814384], [35.142366, 31.814519], [35.142408, 31.814671], [35.142562, 31.814792], [35.142726, 31.814861], [35.142921, 31.814843], [35.14317, 31.814729], [35.143351, 31.814593], [35.143728, 31.814197], [35.144399, 31.81335]]}}, {"type": "Feature", "properties": {"Status": "Constructed", "Type": "Fence", "OBJECTID": 99}, "geometry": {"type": "LineString", "coordinates": [[35.144399, 31.81335], [35.144727, 31.812893], [35.144759, 31.812848], [35.1449, 31.812646], [35.145157, 31.812422], [35.145608, 31.812221], [35.145963, 31.812091], [35.146457, 31.811958], [35.146769, 31.811891], [35.147097, 31.811828], [35.147381, 31.811776]]}}, {"type": "Feature", "properties": {"Status": "Constructed", "Type": "Fence", "OBJECTID": 100}, "geometry": {"type": "LineString", "coordinates": [[35.147381, 31.811776], [35.14767, 31.811709], [35.148031, 31.811617], [35.148403, 31.811529], [35.148743, 31.811485], [35.148877, 31.811496], [35.148945, 31.811501], [35.149331, 31.811533], [35.149697, 31.811636], [35.150612, 31.811912], [35.150967, 31.812025], [35.1512, 31.812184], [35.151517, 31.812479], [35.151736, 31.812661], [35.151986, 31.812829], [35.152291, 31.812953], [35.152623, 31.813076], [35.152959, 31.813104], [35.153463, 31.813114], [35.153775, 31.81309], [35.154154, 31.813036], [35.154281, 31.813027]]}}, {"type": "Feature", "properties": {"Status": "Constructed", "Type": "Fence", "OBJECTID": 101}, "geometry": {"type": "LineString", "coordinates": [[35.162109, 31.814179], [35.162105, 31.81439], [35.162119, 31.814764], [35.162089, 31.814908], [35.161992, 31.815086], [35.161952, 31.815254], [35.161989, 31.815397], [35.162225, 31.815722], [35.162225, 31.815722], [35.163074, 31.816624], [35.163074, 31.816624], [35.163319, 31.816853]]}}, {"type": "Feature", "properties": {"Status": "Constructed", "Type": "Fence", "OBJECTID": 102}, "geometry": {"type": "LineString", "coordinates": [[35.163319, 31.816853], [35.163319, 31.816853], [35.163676, 31.81753], [35.16376, 31.817796], [35.163769, 31.818168], [35.16365, 31.818828], [35.163522, 31.819327], [35.16305, 31.820158], [35.16265, 31.820528], [35.162138, 31.820832], [35.161586, 31.821133], [35.161027, 31.821386], [35.161155, 31.821859], [35.161418, 31.822127], [35.161698, 31.822336], [35.162045, 31.822617], [35.16231, 31.822946], [35.162635, 31.82348], [35.162675, 31.823747], [35.162663, 31.824195], [35.162477, 31.824609], [35.162147, 31.825082], [35.161744, 31.82554], [35.161261, 31.825897], [35.160786, 31.826167], [35.160663, 31.826207], [35.160332, 31.826314], [35.160272, 31.826322], [35.157377, 31.826747], [35.156024, 31.827051], [35.15431, 31.827826], [35.154204, 31.827933], [35.154196, 31.828146], [35.15441, 31.828349], [35.154522, 31.828376], [35.154745, 31.828353], [35.15511, 31.828194], [35.155748, 31.827983], [35.156077, 31.827915], [35.156502, 31.827942], [35.15803, 31.82814], [35.158615, 31.828268], [35.159108, 31.828317], [35.159163, 31.828322], [35.159731, 31.82841], [35.159796, 31.82842], [35.16061, 31.828449], [35.161121, 31.828349], [35.161398, 31.828277], [35.161594, 31.828295], [35.16172, 31.828394], [35.161728, 31.828401], [35.161816, 31.828544], [35.16181, 31.828586], [35.161776, 31.828672], [35.161642, 31.828781], [35.161453, 31.828879], [35.161238, 31.828986], [35.160785, 31.82905], [35.160182, 31.829029], [35.159494, 31.829007], [35.159092, 31.829021], [35.1587, 31.829035], [35.158474, 31.829038], [35.158253, 31.829042], [35.157742, 31.829114], [35.157343, 31.829246], [35.157012, 31.829457], [35.156903, 31.829607], [35.156911, 31.829736], [35.156951, 31.829867], [35.157172, 31.829992], [35.15765, 31.830122], [35.158287, 31.830231], [35.158802, 31.830365], [35.159214, 31.830535], [35.159477, 31.830725], [35.159617, 31.83091], [35.159651, 31.830954], [35.159655, 31.831036], [35.159655, 31.831055]]}}, {"type": "Feature", "properties": {"Status": "Constructed", "Type": "Fence", "OBJECTID": 103}, "geometry": {"type": "LineString", "coordinates": [[35.162063, 31.836659], [35.162063, 31.836659], [35.162165, 31.836889], [35.162158, 31.836966], [35.162156, 31.836995], [35.162149, 31.837064], [35.162149, 31.837065], [35.162148, 31.837075], [35.162148, 31.837076], [35.162069, 31.837275], [35.162069, 31.837275], [35.162069, 31.837275], [35.162066, 31.837283], [35.162066, 31.837283], [35.162065, 31.837285], [35.162065, 31.837285], [35.162065, 31.837285], [35.161923, 31.837648], [35.161508, 31.838535], [35.16129, 31.838778], [35.160541, 31.839516], [35.159978, 31.840041], [35.15976, 31.840302], [35.159725, 31.84046], [35.159734, 31.840642], [35.159773, 31.840846], [35.159782, 31.841008], [35.159758, 31.841161], [35.159699, 31.841291], [35.159535, 31.841452], [35.159302, 31.841522], [35.159114, 31.841597], [35.158954, 31.841691], [35.158861, 31.841807], [35.158809, 31.841956], [35.15878, 31.842133], [35.158784, 31.842309], [35.158743, 31.842496], [35.158582, 31.842795], [35.158269, 31.843258], [35.158175, 31.843346], [35.15801, 31.843434], [35.157843, 31.843475], [35.157703, 31.843487], [35.15756, 31.843556], [35.157423, 31.843707], [35.156831, 31.844457], [35.156584, 31.844833], [35.156584, 31.844833]]}}, {"type": "Feature", "properties": {"Status": "Constructed", "Type": "Fence", "OBJECTID": 104}, "geometry": {"type": "LineString", "coordinates": [[35.156584, 31.844833], [35.156453, 31.845031], [35.156201, 31.845486], [35.156064, 31.845832], [35.155968, 31.846025], [35.155867, 31.846165], [35.155821, 31.846228], [35.155511, 31.846591], [35.155063, 31.847046], [35.154811, 31.847303], [35.154563, 31.847507], [35.154395, 31.847663], [35.154278, 31.847791], [35.154119, 31.847903], [35.154007, 31.848068], [35.153933, 31.848178], [35.153818, 31.84835], [35.153816, 31.848354], [35.153546, 31.848555], [35.15275, 31.848951], [35.152712, 31.84897], [35.152687, 31.848986], [35.152491, 31.849112], [35.152334, 31.849305], [35.151842, 31.850287], [35.151782, 31.850465], [35.151721, 31.850714], [35.151699, 31.850977], [35.151776, 31.851892], [35.151765, 31.852126], [35.151696, 31.852353], [35.151692, 31.852366], [35.151386, 31.853141], [35.151144, 31.853754], [35.150928, 31.854135], [35.150808, 31.854262], [35.150682, 31.85448], [35.150405, 31.854733], [35.150278, 31.854828], [35.149982, 31.855049], [35.149713, 31.855249], [35.149598, 31.855401], [35.149538, 31.855583], [35.149542, 31.855759], [35.149639, 31.855989], [35.149716, 31.856092], [35.14979, 31.856192], [35.150163, 31.856547], [35.150436, 31.856732], [35.1506, 31.856881], [35.15067, 31.857018], [35.150561, 31.857134], [35.150425, 31.857149], [35.15031, 31.857155], [35.149667, 31.857051], [35.14931, 31.857009], [35.149087, 31.857023], [35.148807, 31.857071], [35.148517, 31.857199], [35.148244, 31.857399], [35.148059, 31.857634], [35.147947, 31.857915], [35.147919, 31.858282], [35.147918, 31.858604], [35.14788, 31.858842], [35.147695, 31.858997], [35.147502, 31.859023], [35.147502, 31.859023], [35.147301, 31.859017], [35.147159, 31.858953], [35.147159, 31.858953], [35.147159, 31.858952], [35.146999, 31.858738], [35.146706, 31.858561], [35.14654, 31.858548], [35.146447, 31.85854], [35.146316, 31.858588], [35.146175, 31.858686], [35.146122, 31.858755], [35.146101, 31.858848], [35.146126, 31.858989], [35.146126, 31.858989], [35.146328, 31.859182], [35.14674, 31.859425], [35.146951, 31.859617], [35.146951, 31.859617], [35.147184, 31.8598], [35.147533, 31.860197], [35.147588, 31.860644], [35.147599, 31.86102], [35.147667, 31.861335], [35.147734, 31.861544], [35.147796, 31.861675], [35.14777, 31.861751], [35.147655, 31.861916], [35.147505, 31.862026], [35.147315, 31.862017], [35.147229, 31.86198], [35.147122, 31.861934], [35.146929, 31.861803], [35.146728, 31.861622], [35.146495, 31.861445], [35.146323, 31.861421], [35.146144, 31.861396], [35.146019, 31.861439], [35.145936, 31.861521], [35.145861, 31.861627], [35.14586, 31.861628], [35.145861, 31.861634], [35.145861, 31.861638], [35.14587, 31.861735], [35.145871, 31.861738], [35.145877, 31.861879], [35.145879, 31.861928], [35.145881, 31.861975], [35.145881, 31.861984], [35.145881, 31.861984], [35.145883, 31.861986], [35.146004, 31.862208], [35.146153, 31.862387], [35.146252, 31.862499], [35.146307, 31.862616], [35.146307, 31.862728], [35.146307, 31.862728], [35.146193, 31.862842], [35.14604, 31.862872], [35.145896, 31.862835], [35.14571, 31.862494], [35.145602, 31.862081], [35.145572, 31.861876], [35.145471, 31.861761], [35.145356, 31.861702], [35.145167, 31.861672], [35.145062, 31.861717], [35.144922, 31.861788], [35.144872, 31.86185], [35.144831, 31.861901], [35.144813, 31.862062], [35.144824, 31.862172], [35.144931, 31.862441], [35.145051, 31.862673], [35.145216, 31.86291], [35.145457, 31.86315], [35.145658, 31.863324], [35.145913, 31.86348], [35.145983, 31.863542], [35.14602, 31.863615], [35.146057, 31.863686], [35.145987, 31.863784], [35.145833, 31.863826], [35.145645, 31.863818], [35.145645, 31.863818], [35.145431, 31.863754], [35.144865, 31.863473], [35.144261, 31.862975], [35.143995, 31.862617], [35.143744, 31.862393], [35.143541, 31.862333], [35.143363, 31.862309], [35.143255, 31.862273], [35.143146, 31.862288], [35.142958, 31.862327], [35.142807, 31.862357], [35.142496, 31.862455], [35.142314, 31.862494], [35.142059, 31.862526], [35.141832, 31.862485], [35.141616, 31.862407], [35.141333, 31.862195], [35.140976, 31.862025], [35.14063, 31.861923], [35.140445, 31.861902], [35.140274, 31.861887], [35.139942, 31.861845], [35.139633, 31.86184], [35.139348, 31.86184], [35.138845, 31.861943], [35.138415, 31.86205], [35.137978, 31.862202], [35.136856, 31.862688], [35.136803, 31.862712], [35.136237, 31.862998], [35.135688, 31.863296], [35.135191, 31.863629], [35.134784, 31.863766], [35.134219, 31.864005], [35.133989, 31.864052], [35.133651, 31.86412], [35.13365, 31.86412], [35.133315, 31.864154], [35.133036, 31.864178], [35.133036, 31.864178], [35.13273, 31.864263], [35.132539, 31.864304], [35.132346, 31.864412], [35.132191, 31.864525], [35.1321, 31.864698], [35.132019, 31.86491], [35.132019, 31.864911], [35.132052, 31.865144], [35.132107, 31.865334], [35.132262, 31.865546], [35.132498, 31.865826], [35.132808, 31.866165], [35.132995, 31.866319]]}}, {"type": "Feature", "properties": {"Status": "Constructed", "Type": "Concrete", "OBJECTID": 107}, "geometry": {"type": "LineString", "coordinates": [[35.129428, 31.87517], [35.129705, 31.875384], [35.129964, 31.875583], [35.129094, 31.876137], [35.128386, 31.876588], [35.128381, 31.876591], [35.128305, 31.876596], [35.128293, 31.876589], [35.128237, 31.876558], [35.128129, 31.876497], [35.127949, 31.876237], [35.127819, 31.876154], [35.127717, 31.876123], [35.127605, 31.876131], [35.127503, 31.876156], [35.127496, 31.876158], [35.127283, 31.876213], [35.127272, 31.876216], [35.127046, 31.876289], [35.127038, 31.876291], [35.126542, 31.876464], [35.126542, 31.876464], [35.126059, 31.876633], [35.125663, 31.876767], [35.125634, 31.876777], [35.125606, 31.876788], [35.125469, 31.876842], [35.12531, 31.876962], [35.125298, 31.876971], [35.125264, 31.876996], [35.12514, 31.877087], [35.125091, 31.877254], [35.125092, 31.87728], [35.125104, 31.877479], [35.125063, 31.877753], [35.12503, 31.878062], [35.125012, 31.878159], [35.124944, 31.87836]]}}, {"type": "Feature", "properties": {"Status": "Constructed", "Type": "Fence", "OBJECTID": 108}, "geometry": {"type": "LineString", "coordinates": [[35.121462, 31.881325], [35.122395, 31.881631], [35.122772, 31.88171], [35.123007, 31.881716], [35.123504, 31.881711], [35.123782, 31.881641], [35.124288, 31.881484], [35.124626, 31.881374], [35.125555, 31.881105], [35.126155, 31.880923], [35.126423, 31.880871], [35.126606, 31.880835], [35.126758, 31.880861], [35.126888, 31.88093], [35.126985, 31.881019], [35.127017, 31.881157], [35.126969, 31.881282], [35.126871, 31.881374], [35.126628, 31.881512], [35.124331, 31.882577], [35.123883, 31.882823], [35.123774, 31.88292], [35.123748, 31.883016], [35.123768, 31.88314], [35.123821, 31.883277], [35.123947, 31.883404], [35.124139, 31.883501], [35.124302, 31.883517], [35.124497, 31.8835], [35.124741, 31.883396], [35.125111, 31.883203], [35.125662, 31.883046], [35.127242, 31.882709], [35.128242, 31.882437], [35.128508, 31.882318], [35.128689, 31.882172], [35.129053, 31.881937], [35.129214, 31.881867], [35.129353, 31.881836], [35.129526, 31.881833], [35.129678, 31.881888], [35.129821, 31.881996], [35.129852, 31.882124], [35.129856, 31.8823], [35.129528, 31.883633], [35.129399, 31.883831], [35.129235, 31.88401], [35.129048, 31.884147], [35.12881, 31.88426], [35.126596, 31.884917], [35.126188, 31.885038], [35.125998, 31.88515], [35.125772, 31.88529], [35.125556, 31.885523], [35.125403, 31.8857], [35.125278, 31.885788], [35.125181, 31.885936], [35.125155, 31.885975], [35.125125, 31.886021], [35.125106, 31.886048], [35.125092, 31.886068], [35.124957, 31.886257], [35.124866, 31.886687], [35.124975, 31.887079], [35.125069, 31.887309], [35.125182, 31.887459], [35.125332, 31.887646], [35.125514, 31.88778], [35.12578, 31.88797], [35.126327, 31.888289], [35.126428, 31.888349], [35.127288, 31.888789], [35.127594, 31.888968], [35.127858, 31.889115], [35.128421, 31.889493], [35.129818, 31.890639], [35.130212, 31.890866], [35.13054, 31.891023], [35.130812, 31.891143], [35.131122, 31.891261], [35.131527, 31.89136], [35.131909, 31.89143], [35.132307, 31.891475], [35.132632, 31.891484], [35.13299, 31.891483], [35.133359, 31.891453], [35.133776, 31.891379], [35.134233, 31.891281], [35.135134, 31.891046], [35.135726, 31.89086], [35.136369, 31.890639], [35.136813, 31.890474], [35.137659, 31.890025], [35.138316, 31.889661], [35.138968, 31.889302], [35.139664, 31.888937], [35.140399, 31.888571], [35.140759, 31.888403], [35.140943, 31.888376], [35.141122, 31.888382], [35.141269, 31.888461], [35.141441, 31.888644], [35.142054, 31.889503], [35.142439, 31.889948], [35.142678, 31.890122], [35.142929, 31.890314], [35.143196, 31.890486], [35.143485, 31.890657], [35.143807, 31.890786], [35.144271, 31.890935], [35.144805, 31.891055], [35.145237, 31.8911], [35.145673, 31.891107], [35.146176, 31.891075], [35.146632, 31.890991], [35.147021, 31.89086], [35.147448, 31.890695], [35.147797, 31.890532], [35.14816, 31.890306], [35.148462, 31.890058], [35.148718, 31.889762], [35.148935, 31.889468], [35.149092, 31.889331], [35.149401, 31.889149], [35.149712, 31.889034], [35.150035, 31.888981], [35.150452, 31.888893], [35.150846, 31.888738], [35.151139, 31.888585], [35.151401, 31.888319], [35.151508, 31.888097], [35.151624, 31.88778], [35.151717, 31.887464], [35.151836, 31.88729], [35.151985, 31.887206], [35.152163, 31.887155], [35.152358, 31.887133], [35.152538, 31.887173], [35.152687, 31.887309], [35.152815, 31.887521], [35.153459, 31.888775], [35.153749, 31.889336], [35.153903, 31.889622], [35.154059, 31.889834], [35.154315, 31.889997], [35.154558, 31.890088], [35.154822, 31.890131], [35.155062, 31.890132], [35.155368, 31.890055], [35.155783, 31.889872], [35.157541, 31.888983], [35.158302, 31.888602], [35.158639, 31.888519], [35.158804, 31.888513], [35.158989, 31.888553], [35.159192, 31.888611], [35.159373, 31.888723], [35.159551, 31.888891], [35.159724, 31.889141], [35.160528, 31.890259], [35.160695, 31.890485], [35.160889, 31.890639], [35.161053, 31.890742], [35.161273, 31.89079], [35.161435, 31.890802], [35.16192, 31.890736], [35.162444, 31.890646], [35.163095, 31.890482], [35.163516, 31.890308], [35.163984, 31.890014], [35.164399, 31.889587], [35.164696, 31.88909], [35.165013, 31.888536], [35.165248, 31.888081], [35.165333, 31.88787], [35.165403, 31.887549], [35.165411, 31.887167], [35.165412, 31.886002], [35.16545, 31.885715], [35.165549, 31.885413], [35.16566, 31.885129], [35.165779, 31.884989], [35.165928, 31.884876], [35.166099, 31.884802], [35.166321, 31.884708], [35.166554, 31.884641], [35.166804, 31.884547], [35.167025, 31.884443], [35.167234, 31.884296], [35.167375, 31.884112], [35.167504, 31.883895], [35.167562, 31.883722], [35.167591, 31.883517], [35.167592, 31.883349], [35.167521, 31.88316], [35.167357, 31.882857], [35.166732, 31.881472], [35.166694, 31.881301], [35.166696, 31.881138], [35.166715, 31.880995], [35.166744, 31.880784], [35.166861, 31.880558], [35.166975, 31.880408], [35.167326, 31.880121], [35.168283, 31.879427], [35.168746, 31.879104], [35.168962, 31.879005], [35.169212, 31.878977], [35.169459, 31.879006], [35.169696, 31.879092], [35.169896, 31.879242], [35.170678, 31.880173], [35.170929, 31.880403], [35.171213, 31.880608], [35.171501, 31.880717], [35.17186, 31.880745], [35.172172, 31.880687], [35.172487, 31.880538], [35.172806, 31.880285], [35.173062, 31.880013], [35.173359, 31.879817], [35.173616, 31.879775], [35.173907, 31.87977], [35.174223, 31.879826], [35.174505, 31.879945], [35.174778, 31.880132], [35.174929, 31.880323], [35.175047, 31.880609], [35.175226, 31.881083], [35.175328, 31.881406], [35.175445, 31.881633], [35.175669, 31.881882], [35.175915, 31.882093], [35.176187, 31.882254], [35.176559, 31.882373], [35.176913, 31.882453], [35.177119, 31.882456]]}}, {"type": "Feature", "properties": {"Status": "Constructed", "Type": "Fence", "OBJECTID": 109}, "geometry": {"type": "LineString", "coordinates": [[35.18935, 31.881554], [35.189457, 31.881567], [35.189899, 31.881569], [35.19015, 31.881521], [35.190365, 31.881394], [35.190535, 31.881238], [35.190627, 31.881103], [35.190651, 31.880969], [35.190651, 31.880716], [35.190647, 31.880327], [35.190712, 31.879758], [35.190854, 31.878906], [35.190872, 31.87871], [35.190857, 31.878538], [35.190817, 31.878269], [35.190756, 31.878075], [35.190674, 31.877919], [35.190504, 31.877797], [35.190289, 31.877725], [35.190042, 31.877686], [35.189723, 31.877649], [35.189476, 31.877634], [35.189086, 31.877679], [35.188847, 31.877745], [35.188552, 31.877836], [35.188341, 31.877882], [35.188095, 31.877887], [35.187698, 31.877874], [35.185788, 31.877764], [35.185591, 31.87771], [35.185433, 31.877602], [35.185351, 31.87748], [35.185286, 31.877334], [35.185294, 31.87719], [35.185335, 31.877027], [35.18548, 31.876767], [35.186373, 31.875523], [35.186463, 31.875321], [35.186544, 31.874961], [35.186547, 31.874818], [35.186492, 31.874662], [35.186227, 31.873822], [35.186194, 31.873646], [35.186176, 31.872887], [35.186218, 31.87276], [35.186327, 31.872634], [35.18673, 31.872159], [35.186794, 31.87202], [35.186884, 31.871818], [35.186999, 31.871715], [35.187246, 31.871525], [35.187437, 31.871336], [35.187594, 31.871104], [35.187715, 31.87088], [35.187743, 31.870646], [35.187813, 31.870043], [35.187854, 31.869675], [35.187927, 31.869425], [35.188053, 31.869099], [35.188172, 31.868927], [35.188429, 31.868675], [35.188996, 31.868278], [35.189583, 31.867819], [35.189987, 31.867603], [35.190237, 31.867531], [35.190577, 31.867492], [35.190969, 31.867504], [35.191704, 31.86763], [35.192105, 31.867786], [35.193591, 31.868265], [35.196273, 31.869131], [35.196847, 31.869372], [35.197119, 31.86952], [35.197391, 31.869687], [35.197711, 31.869963], [35.198055, 31.870301], [35.198326, 31.870673], [35.198508, 31.871042], [35.198917, 31.872009], [35.199083, 31.872397], [35.199394, 31.872988], [35.199485, 31.873159]]}}, {"type": "Feature", "properties": {"Status": "Constructed", "Type": "Concrete", "OBJECTID": 110}, "geometry": {"type": "LineString", "coordinates": [[35.193591, 31.868265], [35.194014, 31.868176], [35.194252, 31.868067], [35.19446, 31.867892], [35.194506, 31.867719], [35.194496, 31.867505], [35.194199, 31.867032], [35.194001, 31.866683], [35.193963, 31.866488], [35.194008, 31.866272], [35.194127, 31.866098], [35.194401, 31.865869], [35.194775, 31.865605], [35.195083, 31.865395], [35.195428, 31.865202], [35.196602, 31.864724], [35.197122, 31.864467], [35.197573, 31.864149], [35.198006, 31.863764], [35.198402, 31.863466], [35.198777, 31.863226], [35.199202, 31.863018], [35.199702, 31.862871], [35.200052, 31.862765], [35.201054, 31.862225], [35.20218, 31.861609], [35.202571, 31.861325], [35.202805, 31.861063], [35.20309, 31.860829], [35.204106, 31.860296], [35.20438, 31.860173], [35.204801, 31.860008]]}}, {"type": "Feature", "properties": {"Status": "Constructed", "Type": "Concrete", "OBJECTID": 111}, "geometry": {"type": "LineString", "coordinates": [[35.212572, 31.870998], [35.212593, 31.870721], [35.21266, 31.870467], [35.212782, 31.870222], [35.213029, 31.869988], [35.213226, 31.869837], [35.213491, 31.869694], [35.213769, 31.869608], [35.214109, 31.869554], [35.214428, 31.869558], [35.214753, 31.869645], [35.215279, 31.869868], [35.215832, 31.870097], [35.216159, 31.870206], [35.216653, 31.870278], [35.21705, 31.870281], [35.217419, 31.870251], [35.217757, 31.870135], [35.218079, 31.87001], [35.218354, 31.869852], [35.218605, 31.869586], [35.218794, 31.869277], [35.218947, 31.86895], [35.219215, 31.868224], [35.219543, 31.867216], [35.219656, 31.867043], [35.21983, 31.866839], [35.220018, 31.866666]]}}, {"type": "Feature", "properties": {"Status": "Constructed", "Type": "Concrete", "OBJECTID": 112}, "geometry": {"type": "LineString", "coordinates": [[35.227419, 31.862449], [35.228494, 31.862044], [35.228751, 31.862025], [35.228998, 31.861846], [35.229367, 31.861606], [35.229379, 31.861482], [35.229331, 31.861354], [35.228886, 31.860746], [35.228858, 31.860742], [35.22883, 31.860737], [35.227477, 31.861229], [35.22722, 31.861257], [35.226907, 31.861236], [35.226762, 31.861171], [35.226755, 31.861163]]}}, {"type": "Feature", "properties": {"Status": "Constructed", "Type": "Concrete", "OBJECTID": 113}, "geometry": {"type": "LineString", "coordinates": [[35.226755, 31.861163], [35.226227, 31.860628], [35.225876, 31.860219], [35.225695, 31.859916], [35.225564, 31.85958], [35.225507, 31.859283], [35.225387, 31.858512], [35.225331, 31.858011], [35.225234, 31.857698], [35.225088, 31.85699], [35.225005, 31.856332], [35.224765, 31.854972], [35.224685, 31.854429], [35.224629, 31.853724], [35.224619, 31.853285], [35.224674, 31.852799], [35.224755, 31.852512], [35.224994, 31.852135], [35.225221, 31.85184], [35.225763, 31.8511], [35.226526, 31.850061], [35.227553, 31.848819], [35.227948, 31.848301], [35.22812, 31.848036], [35.228293, 31.84778], [35.228394, 31.847568], [35.228494, 31.847292], [35.228633, 31.846803], [35.228734, 31.846343], [35.228853, 31.845868], [35.229051, 31.845343], [35.229219, 31.845018]]}}, {"type": "Feature", "properties": {"Status": "Constructed", "Type": "Concrete", "OBJECTID": 115}, "geometry": {"type": "LineString", "coordinates": [[35.175688, 31.842131], [35.175572, 31.84219], [35.175475, 31.84233], [35.175024, 31.843349], [35.174425, 31.844531], [35.173877, 31.845688], [35.173486, 31.846554], [35.17344, 31.846741], [35.173444, 31.846899], [35.173515, 31.847074], [35.173614, 31.847235], [35.173941, 31.847837], [35.174148, 31.848311], [35.174246, 31.848677], [35.174286, 31.848953], [35.174275, 31.849192], [35.174212, 31.849384], [35.174174, 31.849416]]}}, {"type": "Feature", "properties": {"Status": "Constructed", "Type": "Concrete", "OBJECTID": 116}, "geometry": {"type": "LineString", "coordinates": [[35.185687, 31.867879], [35.187725, 31.867116], [35.188006, 31.867083], [35.189409, 31.866567], [35.18969, 31.866414], [35.190122, 31.866225], [35.190399, 31.866116], [35.19189, 31.865431], [35.192372, 31.865223], [35.192616, 31.865156], [35.192895, 31.865128], [35.193101, 31.865086], [35.19351, 31.864893], [35.193791, 31.864707], [35.194464, 31.864084], [35.19486, 31.863843], [35.195392, 31.863624], [35.195585, 31.863492], [35.19576, 31.863346], [35.195998, 31.863232], [35.196644, 31.862891], [35.196904, 31.862772], [35.197049, 31.862732], [35.197226, 31.862686], [35.197376, 31.862616], [35.197608, 31.862526], [35.197859, 31.86246], [35.198043, 31.862438], [35.198205, 31.862454], [35.198363, 31.862508], [35.198476, 31.862549], [35.198557, 31.862562], [35.198687, 31.862566], [35.198865, 31.862478], [35.199114, 31.862363], [35.199503, 31.862157], [35.200018, 31.861936], [35.200312, 31.861771], [35.200518, 31.861447], [35.200909, 31.861188], [35.201173, 31.861021], [35.201461, 31.860868], [35.201772, 31.860786], [35.202139, 31.860689], [35.202446, 31.860627], [35.202668, 31.860561], [35.203094, 31.860377], [35.203581, 31.860149], [35.203764, 31.860088], [35.20398, 31.859994], [35.204173, 31.859895], [35.204241, 31.859789], [35.20445, 31.859413], [35.204721, 31.859027], [35.205004, 31.858726], [35.20528, 31.858554], [35.205606, 31.858415], [35.206055, 31.858259], [35.20705, 31.857927], [35.207366, 31.857811], [35.207647, 31.857654], [35.208127, 31.857383], [35.208546, 31.857147], [35.208789, 31.857013], [35.20896, 31.856886], [35.209063, 31.856775], [35.20922, 31.856707], [35.209329, 31.85661], [35.209465, 31.856456], [35.209502, 31.856341], [35.209495, 31.856222], [35.209614, 31.856033], [35.20973, 31.85589], [35.209883, 31.855734], [35.21001, 31.855567], [35.21002, 31.855446], [35.210101, 31.855339], [35.210206, 31.855032], [35.210319, 31.854596], [35.210415, 31.854169], [35.210421, 31.85413], [35.210473, 31.853815], [35.2105, 31.853531], [35.210506, 31.853087], [35.210485, 31.852653], [35.210448, 31.852305], [35.210422, 31.85209], [35.210358, 31.851574], [35.210357, 31.851563], [35.210357, 31.851563], [35.210303, 31.850912], [35.210287, 31.85076], [35.210259, 31.850484], [35.210253, 31.850423], [35.210238, 31.850006], [35.210235, 31.849932], [35.210239, 31.849407], [35.210256, 31.848705], [35.210289, 31.847951], [35.210343, 31.847635], [35.210368, 31.847505], [35.210507, 31.846806], [35.210515, 31.846656], [35.210527, 31.846448], [35.210611, 31.845773], [35.210695, 31.845254], [35.210718, 31.845113], [35.210803, 31.84468], [35.210903, 31.84417], [35.211041, 31.843559], [35.21106, 31.843475], [35.211151, 31.842869], [35.211225, 31.84219], [35.211262, 31.84167], [35.211244, 31.840899], [35.211234, 31.840016], [35.211188, 31.839036], [35.211139, 31.838116], [35.211082, 31.836922], [35.211074, 31.83611], [35.211008, 31.834737], [35.210987, 31.832955], [35.211045, 31.832541]]}}, {"type": "Feature", "properties": {"Status": "Constructed", "Type": "Concrete", "OBJECTID": 117}, "geometry": {"type": "LineString", "coordinates": [[35.248866, 31.847752], [35.249321, 31.847619], [35.249683, 31.84758], [35.250074, 31.847568], [35.250483, 31.847599], [35.250809, 31.847674], [35.25116, 31.847816], [35.251364, 31.847927], [35.252516, 31.848582], [35.25348, 31.849123], [35.253661, 31.849225], [35.253841, 31.849246], [35.254047, 31.849209], [35.254222, 31.849077], [35.254374, 31.848869], [35.254562, 31.848574], [35.254672, 31.848486], [35.254866, 31.848435], [35.255078, 31.848398], [35.255451, 31.848339], [35.25588, 31.848274], [35.256027, 31.848319], [35.256305, 31.84851], [35.256492, 31.848597], [35.256625, 31.848643], [35.256781, 31.84864], [35.257037, 31.848588], [35.257876, 31.848348], [35.258709, 31.848143], [35.258959, 31.848071], [35.259186, 31.847972], [35.259395, 31.847815], [35.259878, 31.847454], [35.260052, 31.847337], [35.260131, 31.847285], [35.260336, 31.847205], [35.260536, 31.847168], [35.260704, 31.847179], [35.26094, 31.847232], [35.261077, 31.847349], [35.26122, 31.847573], [35.261257, 31.847692]]}}, {"type": "Feature", "properties": {"Status": "Constructed", "Type": "Fence", "OBJECTID": 118}, "geometry": {"type": "LineString", "coordinates": [[35.261426, 31.849339], [35.261516, 31.849362], [35.261712, 31.849368], [35.261895, 31.849336], [35.262039, 31.849267], [35.262158, 31.849117], [35.262204, 31.84893], [35.262291, 31.848594], [35.262461, 31.848219], [35.262644, 31.847953], [35.262899, 31.847629], [35.263239, 31.847346], [35.263579, 31.847078], [35.264026, 31.84685], [35.264351, 31.846739], [35.264905, 31.846543], [35.265326, 31.846369], [35.265694, 31.846095], [35.265834, 31.845887], [35.265905, 31.845604], [35.265918, 31.845194], [35.265871, 31.844899], [35.265698, 31.844678], [35.265442, 31.844482], [35.265058, 31.84435], [35.264569, 31.844216], [35.264353, 31.844107], [35.264159, 31.843944], [35.263986, 31.843732], [35.26389, 31.843428], [35.263837, 31.843105], [35.263712, 31.842584], [35.263579, 31.842143], [35.263404, 31.841864], [35.263062, 31.84135], [35.262672, 31.840928], [35.262244, 31.840592], [35.261881, 31.84036], [35.261491, 31.840185], [35.261045, 31.840021], [35.260679, 31.839918], [35.260219, 31.83984], [35.259658, 31.839779], [35.259254, 31.839709]]}}, {"type": "Feature", "properties": {"Status": "Constructed", "Type": "Fence", "OBJECTID": 119}, "geometry": {"type": "LineString", "coordinates": [[35.259254, 31.839709], [35.258747, 31.839561], [35.258242, 31.839362], [35.257709, 31.839085], [35.257261, 31.838826], [35.257023, 31.838673], [35.256745, 31.838496], [35.256511, 31.838315], [35.256351, 31.83816], [35.256262, 31.837947], [35.256206, 31.837745], [35.256097, 31.837398], [35.255989, 31.837104], [35.25585, 31.836873], [35.255649, 31.836667], [35.255393, 31.836471], [35.254933, 31.836188], [35.254083, 31.835702], [35.253229, 31.835223], [35.252752, 31.834926], [35.25241, 31.834655], [35.252135, 31.834383], [35.25193, 31.83401], [35.25145, 31.833104], [35.251205, 31.832689], [35.251026, 31.832453], [35.25085, 31.832091], [35.250793, 31.831849], [35.250789, 31.831677], [35.250762, 31.831477]]}}, {"type": "Feature", "properties": {"Status": "Constructed", "Type": "Concrete", "OBJECTID": 120}, "geometry": {"type": "LineString", "coordinates": [[35.241618, 31.814617], [35.241421, 31.814573], [35.241234, 31.814471], [35.241097, 31.81435], [35.240981, 31.814194], [35.240927, 31.814042], [35.240867, 31.813862], [35.240847, 31.81369], [35.240846, 31.813686]]}}, {"type": "Feature", "properties": {"Status": "Constructed", "Type": "Fence", "OBJECTID": 121}, "geometry": {"type": "LineString", "coordinates": [[35.257175, 31.828634], [35.257531, 31.828093], [35.257807, 31.82773], [35.258043, 31.827535], [35.258363, 31.827357], [35.258701, 31.827237], [35.259118, 31.827172], [35.259454, 31.82719], [35.260234, 31.827252], [35.260738, 31.827258], [35.261178, 31.827193], [35.261818, 31.827095], [35.262018, 31.82702], [35.262133, 31.826937], [35.262297, 31.826777], [35.262361, 31.826647], [35.262408, 31.826517], [35.262409, 31.826331], [35.262413, 31.826059], [35.26253, 31.82578], [35.262717, 31.825438], [35.262759, 31.825318], [35.262788, 31.825164], [35.262791, 31.824792], [35.262768, 31.824573], [35.262731, 31.824411], [35.262717, 31.824283], [35.262769, 31.824124], [35.263047, 31.823857], [35.263229, 31.823744], [35.263451, 31.823687], [35.263827, 31.823733], [35.264146, 31.823747], [35.264502, 31.823697], [35.265473, 31.823556], [35.266051, 31.823436], [35.266584, 31.823283], [35.266883, 31.823173], [35.267543, 31.822925], [35.267995, 31.822683], [35.268359, 31.822481], [35.268578, 31.822286], [35.268579, 31.822285], [35.268579, 31.822284], [35.268616, 31.822239], [35.268673, 31.822169], [35.268689, 31.822149], [35.268692, 31.822146], [35.268698, 31.822135], [35.268799, 31.821967], [35.268867, 31.821789], [35.268879, 31.821579], [35.268879, 31.821579], [35.268879, 31.821578], [35.268879, 31.821575], [35.268879, 31.821574], [35.268879, 31.821574], [35.268878, 31.821566], [35.26887, 31.821431], [35.268865, 31.821355], [35.268824, 31.820702], [35.268781, 31.82055], [35.26867, 31.820342], [35.268404, 31.819994], [35.268188, 31.819845], [35.267978, 31.819715], [35.267775, 31.819642], [35.267556, 31.819589]]}}, {"type": "Feature", "properties": {"Status": "Constructed", "Type": "Concrete", "OBJECTID": 124}, "geometry": {"type": "LineString", "coordinates": [[35.167215, 31.705066], [35.16705, 31.705092], [35.166617, 31.705159], [35.166134, 31.705207], [35.165401, 31.70537], [35.164621, 31.705508], [35.163919, 31.705606], [35.163278, 31.705674], [35.162609, 31.705729], [35.161968, 31.705759], [35.161421, 31.705763], [35.160912, 31.705705], [35.160383, 31.705542], [35.160071, 31.705434], [35.159466, 31.705285], [35.159282, 31.705165]]}}, {"type": "Feature", "properties": {"Status": "Constructed", "Type": "Concrete", "OBJECTID": 125}, "geometry": {"type": "LineString", "coordinates": [[35.159282, 31.705165], [35.159132, 31.705067], [35.158523, 31.704699], [35.158058, 31.704269], [35.157731, 31.703831]]}}, {"type": "Feature", "properties": {"Status": "Constructed", "Type": "Concrete", "OBJECTID": 126}, "geometry": {"type": "LineString", "coordinates": [[35.157731, 31.703831], [35.157731, 31.70383], [35.157482, 31.703501], [35.157324, 31.703184], [35.157254, 31.702808], [35.15716, 31.70212], [35.157035, 31.701568], [35.156944, 31.701231], [35.156777, 31.70079], [35.156739, 31.700604], [35.156721, 31.700275], [35.156707, 31.700231], [35.156696, 31.700195], [35.156629, 31.699961], [35.156601, 31.699863], [35.156647, 31.699756], [35.156605, 31.699559], [35.156614, 31.699451], [35.156618, 31.699151], [35.156534, 31.69884], [35.156331, 31.698505], [35.155923, 31.69811], [35.155872, 31.697913], [35.155488, 31.696998], [35.155401, 31.696531], [35.155409, 31.696169], [35.155437, 31.695803], [35.15554, 31.695618], [35.155607, 31.695393], [35.15573, 31.695123], [35.155898, 31.694915], [35.156176, 31.694657], [35.156446, 31.694467], [35.156749, 31.694295], [35.15723, 31.694103], [35.157746, 31.693989], [35.158062, 31.693864], [35.158494, 31.693728], [35.158792, 31.693632], [35.159125, 31.69356], [35.159636, 31.693432], [35.16004, 31.693301], [35.160377, 31.693152], [35.160681, 31.692994], [35.161065, 31.692725], [35.161333, 31.692496], [35.161586, 31.692303], [35.16187, 31.69205], [35.162447, 31.691507], [35.162448, 31.691507], [35.162477, 31.69148], [35.162541, 31.691389], [35.162896, 31.69088], [35.162896, 31.69088], [35.162912, 31.690857]]}}, {"type": "Feature", "properties": {"Status": "Constructed", "Type": "Concrete", "OBJECTID": 128}, "geometry": {"type": "LineString", "coordinates": [[35.234775, 31.844521], [35.234983, 31.844482]]}}, {"type": "Feature", "properties": {"Status": "Constructed", "Type": "Concrete", "OBJECTID": 129}, "geometry": {"type": "LineString", "coordinates": [[35.210811, 31.854418], [35.210815, 31.854326], [35.210832, 31.854256], [35.21085, 31.85418], [35.210862, 31.854089], [35.210867, 31.854053], [35.210873, 31.854006], [35.210874, 31.853986], [35.210876, 31.853859], [35.210878, 31.853772], [35.210878, 31.853762], [35.210884, 31.853698], [35.210887, 31.853666], [35.2109, 31.853518], [35.210904, 31.853471], [35.2109, 31.853425], [35.210881, 31.853204], [35.210864, 31.852946], [35.210842, 31.85263], [35.210831, 31.852482], [35.210765, 31.852149], [35.210707, 31.851861], [35.210706, 31.851836], [35.2107, 31.851607], [35.210688, 31.851452], [35.210653, 31.851012], [35.210638, 31.850867], [35.210611, 31.850614], [35.210558, 31.85045], [35.210562, 31.850066], [35.210564, 31.849835], [35.210569, 31.849314], [35.21057, 31.849196], [35.210627, 31.848676], [35.210637, 31.848592], [35.210643, 31.848535], [35.210657, 31.848405], [35.210721, 31.84783], [35.210755, 31.847524], [35.210773, 31.847357], [35.210788, 31.847224], [35.210842, 31.846935], [35.210863, 31.84682], [35.210953, 31.846339], [35.210997, 31.8461], [35.211095, 31.845574], [35.211133, 31.845369], [35.211278, 31.844594], [35.211413, 31.84387], [35.211414, 31.843863], [35.211651, 31.843861], [35.211778, 31.84386], [35.212199, 31.844144], [35.21248, 31.844458], [35.212701, 31.844822], [35.212917, 31.845191], [35.213134, 31.845612], [35.213321, 31.845962], [35.213408, 31.846337], [35.213437, 31.846817], [35.213434, 31.847282], [35.213434, 31.847609], [35.213492, 31.847856], [35.21372, 31.848024], [35.214013, 31.848146], [35.21418, 31.848251], [35.214304, 31.848433], [35.214454, 31.848806], [35.214612, 31.84916], [35.214747, 31.849527], [35.214868, 31.849906], [35.214972, 31.850197], [35.215008, 31.850457], [35.214839, 31.850738], [35.214572, 31.850942], [35.214406, 31.851149], [35.214325, 31.851532], [35.214259, 31.85189], [35.214189, 31.852204], [35.214148, 31.852373], [35.214057, 31.852594], [35.213807, 31.852604], [35.213686, 31.853098], [35.213716, 31.853306], [35.213644, 31.853518], [35.213514, 31.853761], [35.213356, 31.854172], [35.213078, 31.854425], [35.212649, 31.854511], [35.212131, 31.854481], [35.212098, 31.85448], [35.21145, 31.854415], [35.211205, 31.854431], [35.21117, 31.854428], [35.211042, 31.854417], [35.210811, 31.854418]]}}, {"type": "Feature", "properties": {"Status": "Constructed", "Type": "Fence", "OBJECTID": 130}, "geometry": {"type": "LineString", "coordinates": [[35.253717, 31.717506], [35.25358, 31.717523], [35.25289, 31.717621], [35.25246, 31.717695], [35.252132, 31.717735], [35.251753, 31.71776], [35.249012, 31.717799], [35.248784, 31.717832], [35.248547, 31.717932], [35.248318, 31.718069], [35.248143, 31.718216], [35.247836, 31.718715]]}}, {"type": "Feature", "properties": {"Status": "Constructed", "Type": "Fence", "OBJECTID": 131}, "geometry": {"type": "LineString", "coordinates": [[35.247836, 31.718715], [35.247079, 31.719952], [35.247009, 31.720075], [35.246917, 31.720168], [35.246795, 31.720208], [35.246678, 31.72022], [35.246577, 31.720188], [35.246553, 31.720143], [35.246502, 31.72006], [35.246518, 31.719931], [35.246552, 31.719783], [35.246598, 31.719575], [35.246624, 31.719458], [35.246653, 31.719278], [35.246708, 31.718929]]}}, {"type": "Feature", "properties": {"Status": "Constructed", "Type": "Fence", "OBJECTID": 132}, "geometry": {"type": "LineString", "coordinates": [[35.177119, 31.882456], [35.177484, 31.882462], [35.178925, 31.88239], [35.180653, 31.882384], [35.182846, 31.88238], [35.183878, 31.882367], [35.185749, 31.882293], [35.186488, 31.882269], [35.186813, 31.882292], [35.186993, 31.882332], [35.187261, 31.882484], [35.187982, 31.883274], [35.188147, 31.883396], [35.18831, 31.883417], [35.188471, 31.883381], [35.188608, 31.883249], [35.188704, 31.883052], [35.188811, 31.882606], [35.18892, 31.882273], [35.188927, 31.882096], [35.188911, 31.881962]]}}, {"type": "Feature", "properties": {"Status": "Constructed", "Type": "Fence", "OBJECTID": 133}, "geometry": {"type": "LineString", "coordinates": [[35.184583, 31.864244], [35.184504, 31.864361], [35.184225, 31.864637], [35.183792, 31.864998], [35.182998, 31.865701], [35.182564, 31.866043], [35.182306, 31.866267], [35.182045, 31.866553], [35.181883, 31.866809], [35.181697, 31.86722], [35.181625, 31.867503], [35.181594, 31.867842], [35.181602, 31.868186], [35.18168, 31.868749], [35.181814, 31.868845]]}}, {"type": "Feature", "properties": {"Status": "Constructed", "Type": "Fence", "OBJECTID": 134}, "geometry": {"type": "LineString", "coordinates": [[35.184655, 31.861981], [35.184786, 31.862211], [35.184891, 31.862514], [35.184954, 31.862823], [35.184947, 31.86321], [35.184908, 31.863487], [35.18481, 31.863799], [35.184672, 31.864114], [35.184583, 31.864244]]}}, {"type": "Feature", "properties": {"Status": "Constructed", "Type": "Fence", "OBJECTID": 135}, "geometry": {"type": "LineString", "coordinates": [[35.132995, 31.866319], [35.132995, 31.86632], [35.13317, 31.866464], [35.133695, 31.866808], [35.134443, 31.867216], [35.135196, 31.867618], [35.135322, 31.867736], [35.135358, 31.867864], [35.135361, 31.867974], [35.135308, 31.868089], [35.135181, 31.868191], [35.134988, 31.868295], [35.134827, 31.86836], [35.134605, 31.868411], [35.134381, 31.868424], [35.134163, 31.868423], [35.133983, 31.868383], [35.133809, 31.868358], [35.133555, 31.868262], [35.133357, 31.868146], [35.132959, 31.867871], [35.132654, 31.867728], [35.132305, 31.867619], [35.131584, 31.867412], [35.131421, 31.867395], [35.131259, 31.867408], [35.131054, 31.867502], [35.130907, 31.867652], [35.130839, 31.867859], [35.130855, 31.868064], [35.130975, 31.868195], [35.131122, 31.86824], [35.131437, 31.868345], [35.131681, 31.868484], [35.132017, 31.868765], [35.132317, 31.869156], [35.132468, 31.869399], [35.132739, 31.870001], [35.133025, 31.870502], [35.133102, 31.87071], [35.133107, 31.87093], [35.133114, 31.871216], [35.13318, 31.871401], [35.133314, 31.871602]]}}, {"type": "Feature", "properties": {"Status": "Constructed", "Type": "Fence", "OBJECTID": 136}, "geometry": {"type": "LineString", "coordinates": [[35.084549, 31.855627], [35.084664, 31.855625], [35.084888, 31.855636], [35.085151, 31.855636], [35.085359, 31.855685], [35.085606, 31.855763], [35.085809, 31.855826], [35.086051, 31.85587], [35.086292, 31.855904], [35.086555, 31.855928], [35.086801, 31.85592], [35.087081, 31.85592], [35.087237, 31.855908], [35.087663, 31.855824], [35.087969, 31.855733], [35.088335, 31.855603], [35.088484, 31.855505], [35.088543, 31.85539], [35.08854, 31.85528], [35.088515, 31.855171], [35.088447, 31.855095], [35.088345, 31.855045], [35.088227, 31.855018], [35.088076, 31.85502], [35.087897, 31.855047], [35.087686, 31.855094], [35.087474, 31.855126], [35.087256, 31.855134], [35.087055, 31.855123], [35.086875, 31.855083], [35.0867, 31.855014], [35.086384, 31.854836], [35.086247, 31.854726], [35.086172, 31.854636], [35.086153, 31.854532], [35.086156, 31.854441], [35.086191, 31.854304], [35.086174, 31.854216], [35.086139, 31.854141], [35.08607, 31.854061], [35.085945, 31.85401], [35.085856, 31.853997], [35.08571, 31.853995], [35.085537, 31.854007], [35.085392, 31.854029], [35.085238, 31.854024], [35.085083, 31.853943], [35.084969, 31.853864], [35.084838, 31.853728], [35.084698, 31.853496], [35.084651, 31.853378], [35.084648, 31.853277], [35.084674, 31.853167], [35.084795, 31.853089], [35.084928, 31.85302], [35.085112, 31.852998], [35.085822, 31.852981], [35.086213, 31.85297], [35.086637, 31.852939], [35.086927, 31.852915], [35.087278, 31.852843], [35.0875, 31.852791], [35.087761, 31.852696], [35.088111, 31.852598], [35.089521, 31.85215], [35.09072, 31.851782], [35.091127, 31.851699], [35.091505, 31.851597], [35.091726, 31.851517], [35.091895, 31.851416], [35.09218, 31.851149], [35.092962, 31.850392], [35.093346, 31.850061], [35.093776, 31.849767], [35.094146, 31.849575], [35.094645, 31.849366], [35.095216, 31.84918], [35.095627, 31.849054], [35.095955, 31.848939], [35.096176, 31.848826], [35.096423, 31.848667], [35.096609, 31.848473], [35.096701, 31.848323], [35.096792, 31.848155], [35.096833, 31.847987], [35.096841, 31.847839], [35.09681, 31.847734], [35.096729, 31.847597], [35.09662, 31.847484], [35.09649, 31.847425], [35.096332, 31.847375], [35.096063, 31.847341], [35.095364, 31.847318], [35.09429, 31.847351], [35.093989, 31.847375], [35.093593, 31.847448], [35.092732, 31.847687], [35.09221, 31.847839], [35.092076, 31.84786], [35.091964, 31.847847], [35.091851, 31.847787], [35.091776, 31.847707], [35.091763, 31.847612], [35.091788, 31.847497], [35.091881, 31.847405], [35.092332, 31.847056], [35.092611, 31.846799], [35.09294, 31.84648], [35.093201, 31.846178], [35.093446, 31.845869], [35.093684, 31.845526], [35.093905, 31.845183], [35.094197, 31.844713], [35.094342, 31.844453], [35.094433, 31.844275], [35.09443, 31.844146], [35.094405, 31.844008], [35.09433, 31.843924], [35.094222, 31.843863], [35.094099, 31.843851], [35.093904, 31.843869], [35.093743, 31.843928], [35.092776, 31.844422], [35.091914, 31.84488], [35.091696, 31.84499], [35.091244, 31.845182], [35.090814, 31.845332], [35.09054, 31.845365], [35.090261, 31.84537], [35.090031, 31.845354], [35.089784, 31.845292], [35.089542, 31.845234], [35.089316, 31.845137], [35.089184, 31.845069], [35.089101, 31.845026], [35.088936, 31.84489], [35.088781, 31.844726], [35.088621, 31.844566], [35.088528, 31.844406], [35.088428, 31.844173], [35.088385, 31.844002], [35.088341, 31.843793], [35.088332, 31.843631], [35.088338, 31.843425], [35.088393, 31.843107], [35.088493, 31.842838], [35.088616, 31.842593], [35.088746, 31.842405], [35.089007, 31.842085], [35.089266, 31.841895], [35.089916, 31.841464], [35.090428, 31.841119], [35.090823, 31.840788], [35.091184, 31.840429], [35.091445, 31.840134], [35.091765, 31.83967], [35.092155, 31.839206], [35.092434, 31.838948], [35.09308, 31.83836], [35.093978, 31.837524], [35.094148, 31.837362], [35.094296, 31.837245], [35.094441, 31.837218], [35.094539, 31.837215], [35.094704, 31.837209], [35.094939, 31.837215], [35.095245, 31.837172], [35.095594, 31.837032], [35.095826, 31.836876], [35.0961, 31.836661], [35.096379, 31.83638], [35.096503, 31.836192], [35.096793, 31.835512]]}}, {"type": "Feature", "properties": {"Status": "Constructed", "Type": "Concrete", "OBJECTID": 140}, "geometry": {"type": "LineString", "coordinates": [[35.206372, 31.86971], [35.206427, 31.869802], [35.206495, 31.869883], [35.206615, 31.870025], [35.206623, 31.870251], [35.206593, 31.870383], [35.206524, 31.870573], [35.206459, 31.870898], [35.206206, 31.871465], [35.206281, 31.871721], [35.206496, 31.872041], [35.207266, 31.872608], [35.207351, 31.873344], [35.207258, 31.874027], [35.207123, 31.874404], [35.206853, 31.874961], [35.20661, 31.875656], [35.206433, 31.876475], [35.206359, 31.877537], [35.206227, 31.878846], [35.206227, 31.878849]]}}, {"type": "Feature", "properties": {"Status": "Constructed", "Type": "Fence", "OBJECTID": 156}, "geometry": {"type": "LineString", "coordinates": [[35.050458, 31.941549], [35.050773, 31.941001], [35.050987, 31.940591], [35.051179, 31.94039], [35.051827, 31.939895], [35.053105, 31.938628], [35.05504, 31.936342]]}}, {"type": "Feature", "properties": {"Status": "Constructed", "Type": "Concrete", "OBJECTID": 163}, "geometry": {"type": "LineString", "coordinates": [[35.168279, 31.726946], [35.168366, 31.727271], [35.168365, 31.7276], [35.168369, 31.727933], [35.168335, 31.728248], [35.16792, 31.728471], [35.16738, 31.72883], [35.166901, 31.729093], [35.166613, 31.729337], [35.166272, 31.729819], [35.166093, 31.730347]]}}, {"type": "Feature", "properties": {"Status": "Constructed", "Type": "Fence", "OBJECTID": 166}, "geometry": {"type": "LineString", "coordinates": [[35.176417, 31.718629], [35.176309, 31.718553], [35.175947, 31.718558], [35.175053, 31.718813], [35.174229, 31.718937], [35.174019, 31.719036], [35.173745, 31.719241], [35.173535, 31.719355], [35.17317, 31.719476], [35.172726, 31.719607], [35.17243, 31.719636], [35.17205, 31.719628], [35.171525, 31.719604], [35.171279, 31.719594], [35.171022, 31.719608], [35.170761, 31.719679], [35.170535, 31.719778], [35.170232, 31.719979], [35.170124, 31.720089]]}}, {"type": "Feature", "properties": {"Status": "Constructed", "Type": "Concrete", "OBJECTID": 167}, "geometry": {"type": "LineString", "coordinates": [[35.181225, 31.718654], [35.181263, 31.718688], [35.181442, 31.718742], [35.181566, 31.718779], [35.181688, 31.718862], [35.182004, 31.719115], [35.182616, 31.719677], [35.183117, 31.720123], [35.183514, 31.720543], [35.18381, 31.720908], [35.184256, 31.721333], [35.184442, 31.721564], [35.184442, 31.721605]]}}, {"type": "Feature", "properties": {"Status": "Constructed", "Type": "Concrete", "OBJECTID": 168}, "geometry": {"type": "LineString", "coordinates": [[35.253235, 31.76995], [35.253225, 31.769838], [35.253204, 31.769814], [35.252474, 31.769712], [35.252455, 31.769552], [35.252424, 31.769458], [35.252435, 31.769327], [35.252543, 31.769214], [35.252582, 31.768836], [35.252253, 31.768732], [35.25231, 31.768507], [35.25235, 31.767623], [35.252406, 31.767393], [35.252543, 31.767262], [35.251833, 31.76628], [35.252173, 31.766227], [35.252081, 31.765835], [35.252035, 31.76548], [35.252016, 31.765365], [35.252183, 31.765324], [35.252276, 31.76526], [35.252273, 31.764916], [35.252241, 31.764736], [35.252114, 31.764561], [35.252067, 31.764457], [35.252047, 31.764324], [35.252123, 31.764251], [35.252217, 31.764211], [35.252323, 31.764214], [35.252482, 31.764287], [35.252651, 31.764366], [35.252763, 31.764368], [35.25288, 31.764338], [35.252939, 31.764251], [35.252902, 31.764127], [35.252798, 31.763957], [35.252789, 31.763848], [35.252899, 31.763741], [35.253173, 31.763535], [35.253148, 31.763433], [35.252963, 31.763155], [35.252931, 31.762998], [35.252955, 31.76284], [35.253013, 31.762715], [35.253128, 31.762603], [35.253219, 31.762449], [35.25327, 31.762028], [35.253346, 31.761922], [35.253495, 31.761833], [35.253672, 31.761787], [35.253923, 31.761768], [35.254488, 31.761773], [35.254834, 31.761766], [35.255011, 31.761711], [35.255331, 31.761593], [35.255618, 31.761445], [35.255827, 31.761298], [35.25598, 31.761152], [35.256274, 31.760865], [35.256602, 31.760554], [35.256815, 31.760354], [35.257057, 31.760193], [35.257358, 31.76003], [35.257672, 31.759867], [35.258042, 31.759693], [35.258551, 31.759465], [35.258809, 31.759317], [35.258924, 31.759186], [35.259055, 31.758838], [35.259126, 31.758555], [35.259182, 31.758339], [35.259267, 31.758137], [35.259402, 31.757939], [35.259624, 31.757658], [35.259715, 31.757509], [35.259745, 31.757365], [35.259728, 31.757127], [35.259627, 31.756866], [35.259261, 31.75608], [35.259097, 31.755759], [35.258717, 31.755283], [35.25852, 31.755], [35.258285, 31.754499], [35.25809, 31.754073], [35.258047, 31.75393], [35.257975, 31.753488], [35.257964, 31.753235], [35.257976, 31.753044], [35.258023, 31.752933], [35.258256, 31.752614], [35.258348, 31.752512], [35.258484, 31.752367], [35.259189, 31.751353], [35.25918, 31.750938], [35.259576, 31.75087], [35.259965, 31.750801], [35.260249, 31.750744], [35.260421, 31.750693], [35.260537, 31.750638], [35.260635, 31.750551], [35.26066, 31.75044], [35.260674, 31.750292], [35.260643, 31.750193], [35.260579, 31.750094], [35.260477, 31.750005], [35.260369, 31.749945], [35.260223, 31.749923], [35.260179, 31.749924], [35.260134, 31.749925], [35.260023, 31.749955], [35.259884, 31.749996], [35.259599, 31.750197], [35.259279, 31.750365], [35.259083, 31.750454], [35.258939, 31.750495], [35.258816, 31.750492], [35.258708, 31.750423], [35.258616, 31.75031], [35.258591, 31.750196], [35.258608, 31.750054], [35.258617, 31.749894], [35.258646, 31.749703], [35.2587, 31.749585]]}}, {"type": "Feature", "properties": {"Status": "Constructed", "Type": "Fence", "OBJECTID": 169}, "geometry": {"type": "LineString", "coordinates": [[35.159655, 31.831055], [35.159672, 31.831187], [35.159677, 31.831221], [35.159643, 31.831445], [35.159643, 31.831446], [35.159196, 31.83217], [35.159046, 31.832494], [35.159046, 31.832494], [35.158838, 31.832944], [35.15867, 31.833266], [35.158561, 31.833552], [35.158586, 31.833817], [35.158762, 31.834163], [35.158762, 31.834163], [35.158762, 31.834163], [35.159103, 31.834417], [35.159103, 31.834417], [35.159542, 31.83474], [35.160052, 31.835104], [35.160474, 31.835405], [35.160723, 31.835623], [35.161034, 31.835836], [35.161259, 31.835931], [35.161411, 31.835994], [35.161429, 31.836006], [35.161639, 31.836147], [35.161721, 31.836202], [35.161741, 31.836214], [35.161915, 31.836321], [35.161916, 31.836325], [35.162062, 31.836653], [35.162063, 31.836659], [35.162063, 31.836659]]}}, {"type": "Feature", "properties": {"Status": "Constructed", "Type": "Concrete", "OBJECTID": 170}, "geometry": {"type": "LineString", "coordinates": [[35.220018, 31.866666], [35.220169, 31.866528], [35.220401, 31.866385], [35.221127, 31.866096], [35.221704, 31.865852], [35.222209, 31.865685], [35.222846, 31.865455], [35.223428, 31.865201], [35.223836, 31.864994], [35.224124, 31.86486], [35.22459, 31.864704], [35.225173, 31.864545], [35.225668, 31.864432], [35.225957, 31.86435], [35.226334, 31.864205], [35.226608, 31.864062], [35.227021, 31.863802], [35.22762, 31.863367], [35.227412, 31.862841], [35.227505, 31.862772], [35.227419, 31.862449]]}}, {"type": "Feature", "properties": {"Status": "Constructed", "Type": "Concrete", "OBJECTID": 173}, "geometry": {"type": "LineString", "coordinates": [[35.233546, 31.844805], [35.234168, 31.844637], [35.234775, 31.844521]]}}, {"type": "Feature", "properties": {"Status": "Constructed", "Type": "Fence", "OBJECTID": 174}, "geometry": {"type": "LineString", "coordinates": [[35.241401, 31.850074], [35.241534, 31.850048], [35.241695, 31.849992], [35.241976, 31.849825], [35.242498, 31.849537], [35.242835, 31.84935], [35.243001, 31.849304], [35.243202, 31.849276], [35.243805, 31.84927], [35.244359, 31.849275], [35.244493, 31.849263], [35.244621, 31.849237], [35.246816, 31.848439], [35.248527, 31.847863], [35.248866, 31.847752]]}}, {"type": "Feature", "properties": {"Status": "Constructed", "Type": "Fence", "OBJECTID": 175}, "geometry": {"type": "LineString", "coordinates": [[35.261257, 31.847692], [35.261202, 31.848019], [35.261101, 31.848616], [35.261052, 31.848912], [35.261056, 31.84906], [35.261115, 31.849193], [35.261308, 31.849309], [35.261426, 31.849339]]}}, {"type": "Feature", "properties": {"Status": "Constructed", "Type": "Concrete", "OBJECTID": 176}, "geometry": {"type": "LineString", "coordinates": [[35.242475, 31.809736], [35.242427, 31.809653], [35.242263, 31.809362], [35.242233, 31.809309], [35.242232, 31.809308], [35.242168, 31.809194], [35.242163, 31.809185], [35.242146, 31.809156], [35.242146, 31.809156], [35.242144, 31.809152], [35.242145, 31.809146], [35.242191, 31.808847], [35.242383, 31.808739], [35.242503, 31.808656], [35.242728, 31.808362], [35.242801, 31.808283], [35.242937, 31.808136], [35.243129, 31.807981], [35.243207, 31.807947], [35.243412, 31.80771], [35.24351, 31.807682], [35.243718, 31.807622], [35.243771, 31.807608], [35.24378, 31.807606], [35.243846, 31.807588], [35.243907, 31.807553], [35.243963, 31.807523], [35.243966, 31.807521], [35.244144, 31.807506], [35.244144, 31.807506], [35.244146, 31.807506], [35.244147, 31.807505], [35.244147, 31.807505], [35.244147, 31.807505], [35.244148, 31.807505], [35.244345, 31.807501], [35.244349, 31.807501], [35.244349, 31.807501], [35.244351, 31.807501], [35.244361, 31.807501], [35.244372, 31.807501], [35.244411, 31.807501], [35.244483, 31.807501], [35.244609, 31.807501], [35.244925, 31.807481], [35.244931, 31.807482], [35.245183, 31.807505], [35.245271, 31.807513], [35.245474, 31.807489], [35.245685, 31.807468], [35.246057, 31.807354], [35.246211, 31.807263], [35.246457, 31.807118], [35.246732, 31.807052], [35.246871, 31.807078], [35.247311, 31.807161], [35.247568, 31.80749], [35.247832, 31.807817], [35.247845, 31.807833], [35.247859, 31.807845], [35.247864, 31.807849], [35.247889, 31.807872], [35.247951, 31.807927], [35.248082, 31.807985], [35.24823, 31.80801], [35.248266, 31.808016], [35.24828, 31.808017], [35.248413, 31.808021], [35.248735, 31.807929], [35.248859, 31.807816], [35.248952, 31.807732], [35.248982, 31.807647], [35.249017, 31.807552], [35.249037, 31.807476], [35.249072, 31.807344], [35.249093, 31.80724], [35.249111, 31.807148], [35.249133, 31.807034], [35.249286, 31.806837], [35.249357, 31.806812], [35.249414, 31.806792], [35.249522, 31.806759], [35.249634, 31.806724], [35.249734, 31.806719], [35.249739, 31.806719], [35.249884, 31.806711], [35.250238, 31.806744], [35.250446, 31.806771], [35.250446, 31.806771], [35.25067, 31.806765], [35.250948, 31.806643], [35.251172, 31.806454], [35.251223, 31.806257], [35.251293, 31.805991], [35.251329, 31.805859], [35.251357, 31.805758], [35.251366, 31.805723], [35.251383, 31.805685], [35.251421, 31.805597], [35.251463, 31.805525], [35.251501, 31.805467], [35.251519, 31.805439], [35.25154, 31.805407], [35.251571, 31.80536], [35.251637, 31.805235], [35.251755, 31.805142], [35.251912, 31.805048], [35.252093, 31.804977], [35.252169, 31.804954], [35.252361, 31.804897], [35.252627, 31.80484], [35.252929, 31.804856], [35.253192, 31.80487], [35.253228, 31.804874], [35.253481, 31.804903], [35.253789, 31.804987], [35.253824, 31.804996], [35.254226, 31.805105], [35.254524, 31.805201], [35.254778, 31.80527], [35.255062, 31.805323], [35.255356, 31.805371], [35.255394, 31.805378], [35.255691, 31.805432], [35.255818, 31.805416], [35.255842, 31.805413], [35.255876, 31.805409], [35.255876, 31.805409], [35.25593, 31.805402], [35.255944, 31.8054], [35.256216, 31.805378], [35.256491, 31.805317], [35.256491, 31.805317], [35.256491, 31.805317]]}}, {"type": "Feature", "properties": {"Status": "Constructed", "Type": "Concrete", "OBJECTID": 177}, "geometry": {"type": "LineString", "coordinates": [[35.256491, 31.805317], [35.256528, 31.805309], [35.256721, 31.805249], [35.257013, 31.805023], [35.257159, 31.80483], [35.257291, 31.804653], [35.257556, 31.804249], [35.257843, 31.803886], [35.258116, 31.803504], [35.258385, 31.803133], [35.258581, 31.802886], [35.2588, 31.802762], [35.258836, 31.802607], [35.258952, 31.802502], [35.259145, 31.802383], [35.259459, 31.802191], [35.259571, 31.802141], [35.259571, 31.802141], [35.259572, 31.802141], [35.259834, 31.802026], [35.260039, 31.801939], [35.260242, 31.801853], [35.260574, 31.801719], [35.260826, 31.801573], [35.260889, 31.801537], [35.261026, 31.801386]]}}, {"type": "Feature", "properties": {"Status": "Constructed", "Type": "Concrete", "OBJECTID": 178}, "geometry": {"type": "LineString", "coordinates": [[35.209008, 31.858596], [35.209011, 31.858596], [35.210023, 31.85932], [35.210848, 31.859788], [35.211654, 31.860072], [35.212185, 31.860183]]}}, {"type": "Feature", "properties": {"Status": "Constructed", "Type": "Concrete", "OBJECTID": 179}, "geometry": {"type": "LineString", "coordinates": [[35.181814, 31.868845], [35.18196, 31.868881], [35.182145, 31.868857], [35.182351, 31.868762], [35.182537, 31.86871], [35.182799, 31.868683], [35.183079, 31.868693], [35.183544, 31.868609], [35.183931, 31.868508], [35.184142, 31.868466], [35.184414, 31.868362], [35.184981, 31.868146]]}}, {"type": "Feature", "properties": {"Status": "Constructed", "Type": "Fence", "OBJECTID": 180}, "geometry": {"type": "LineString", "coordinates": [[35.183027, 31.860592], [35.182091, 31.859763], [35.180799, 31.858739], [35.180204, 31.858426], [35.179793, 31.858276], [35.179307, 31.858168], [35.178803, 31.858139], [35.178158, 31.858189], [35.176732, 31.858497], [35.176371, 31.858497], [35.176069, 31.85844], [35.175843, 31.858318], [35.1757, 31.858103], [35.175675, 31.857867], [35.17565, 31.856371], [35.175617, 31.854986], [35.175517, 31.854642], [35.175341, 31.854098], [35.175124, 31.853714], [35.174199, 31.853556], [35.173384, 31.853595]]}}, {"type": "Feature", "properties": {"Status": "Constructed", "Type": "Fence", "OBJECTID": 181}, "geometry": {"type": "LineString", "coordinates": [[35.175688, 31.842131], [35.17697, 31.842212], [35.177611, 31.842151], [35.178008, 31.841959], [35.178444, 31.841514], [35.178907, 31.840806], [35.180274, 31.838755], [35.180796, 31.838225], [35.181199, 31.838004], [35.18161, 31.837889], [35.182021, 31.837825], [35.182389, 31.837839], [35.182775, 31.837918], [35.184301, 31.838491], [35.184737, 31.838605], [35.185265, 31.838727], [35.185592, 31.838792], [35.186037, 31.838842], [35.186423, 31.838849], [35.18703, 31.838942], [35.187493, 31.838944], [35.187902, 31.839125], [35.188391, 31.839271], [35.189731, 31.840298], [35.190035, 31.840501], [35.190398, 31.840619], [35.19088, 31.840704], [35.191369, 31.840676], [35.191924, 31.84049], [35.192287, 31.840298], [35.192571, 31.840022], [35.192756, 31.839723], [35.192862, 31.839497], [35.192875, 31.839215], [35.192909, 31.837721], [35.193021, 31.837513], [35.193193, 31.837377], [35.193536, 31.837293], [35.19452, 31.837411]]}}, {"type": "Feature", "properties": {"Status": "Constructed", "Type": "Concrete", "OBJECTID": 182}, "geometry": {"type": "LineString", "coordinates": [[35.259132, 31.780258], [35.259633, 31.78009], [35.259593, 31.780392], [35.259566, 31.780444], [35.259531, 31.780483], [35.259524, 31.780536], [35.259498, 31.78063], [35.259477, 31.780806], [35.25989, 31.781002], [35.260169, 31.781079], [35.260788, 31.781046], [35.261169, 31.780945], [35.261497, 31.78088], [35.261853, 31.780839], [35.262152, 31.780839], [35.262461, 31.780924], [35.262728, 31.781168], [35.262832, 31.781362], [35.262899, 31.781643], [35.262866, 31.781931], [35.262645, 31.782229], [35.262454, 31.782548], [35.2622, 31.782674], [35.261986, 31.782837], [35.261854, 31.782971]]}}, {"type": "Feature", "properties": {"Status": "Constructed", "Type": "Concrete", "OBJECTID": 191}, "geometry": {"type": "LineString", "coordinates": [[35.229219, 31.845018], [35.229326, 31.845064], [35.229351, 31.845095], [35.229376, 31.845126], [35.229437, 31.845222], [35.229734, 31.8451], [35.230072, 31.844983], [35.230249, 31.844911], [35.230465, 31.844828], [35.230654, 31.844755], [35.230693, 31.844748], [35.230733, 31.84474], [35.231001, 31.844691], [35.231254, 31.844641], [35.231284, 31.844628], [35.231313, 31.844615], [35.231481, 31.844525], [35.231568, 31.84449], [35.231693, 31.844465], [35.231858, 31.844413], [35.231982, 31.844349], [35.232061, 31.844308], [35.232138, 31.84422], [35.232229, 31.844138], [35.232269, 31.844131], [35.232309, 31.844125], [35.232455, 31.844183], [35.232776, 31.844391], [35.233133, 31.844596], [35.233342, 31.844731], [35.233474, 31.844775], [35.233474, 31.844775], [35.233508, 31.844782], [35.233515, 31.844785], [35.233528, 31.844792], [35.233546, 31.844805]]}}, {"type": "Feature", "properties": {"Status": "Constructed", "Type": "Fence", "OBJECTID": 192}, "geometry": {"type": "LineString", "coordinates": [[35.012205, 31.933221], [35.012299, 31.933424], [35.012299, 31.933424], [35.012536, 31.933933], [35.012651, 31.934157], [35.012859, 31.934561], [35.012938, 31.934652], [35.013325, 31.934815], [35.01492, 31.934447], [35.015084, 31.934417], [35.015404, 31.934357], [35.015819, 31.934361], [35.016359, 31.934439], [35.016359, 31.934439], [35.016946, 31.934525], [35.017894, 31.934561], [35.01795, 31.934569], [35.018166, 31.934601], [35.01839, 31.934639], [35.018518, 31.934721], [35.018533, 31.934889], [35.018443, 31.935033], [35.018134, 31.935128], [35.017601, 31.9353], [35.017265, 31.935611], [35.016889, 31.936137], [35.01684, 31.936411], [35.016916, 31.936803], [35.016945, 31.936855], [35.017096, 31.937128], [35.017261, 31.93736], [35.017392, 31.937509], [35.01762, 31.937624], [35.017866, 31.937696], [35.01813, 31.937705], [35.018704, 31.93764], [35.019158, 31.937609], [35.019526, 31.937674], [35.019757, 31.937698], [35.021112, 31.937832], [35.022257, 31.938076], [35.023057, 31.938288], [35.023947, 31.93827], [35.024708, 31.938323], [35.025396, 31.938639], [35.026027, 31.938974], [35.026491, 31.939213], [35.026933, 31.939319], [35.027208, 31.939319], [35.027415, 31.939315], [35.027728, 31.939163], [35.027852, 31.938958], [35.027819, 31.938604], [35.027461, 31.938213], [35.027416, 31.93813], [35.027316, 31.93795], [35.027339, 31.937735], [35.027572, 31.937669], [35.027907, 31.937648], [35.027908, 31.937648], [35.028341, 31.937727], [35.028777, 31.937837], [35.029146, 31.937952], [35.029594, 31.938072], [35.029594, 31.938072], [35.030038, 31.938295], [35.030038, 31.938295], [35.030525, 31.938596], [35.030525, 31.938596], [35.030855, 31.938876], [35.031312, 31.939263], [35.031313, 31.939263], [35.03246, 31.940345], [35.032481, 31.940366], [35.032657, 31.940543], [35.03285, 31.940737], [35.033333, 31.941224], [35.033359, 31.94125]]}}, {"type": "Feature", "properties": {"Status": "Constructed", "Type": "Concrete", "OBJECTID": 193}, "geometry": {"type": "LineString", "coordinates": [[35.250762, 31.831477], [35.250691, 31.831168], [35.250659, 31.830855], [35.250689, 31.830415], [35.250761, 31.82999], [35.250817, 31.829854], [35.250903, 31.829646], [35.251042, 31.829462], [35.251219, 31.8293], [35.251472, 31.82914], [35.251768, 31.829027], [35.252073, 31.828908], [35.252222, 31.828829], [35.252396, 31.8287], [35.252471, 31.828648], [35.252605, 31.828531]]}}, {"type": "Feature", "properties": {"Status": "Constructed", "Type": "Concrete", "OBJECTID": 194}, "geometry": {"type": "LineString", "coordinates": [[35.253372, 31.828132], [35.254004, 31.828263], [35.254396, 31.828504], [35.254714, 31.828689], [35.255186, 31.828893], [35.255643, 31.829076], [35.256032, 31.829222], [35.256256, 31.829237], [35.256479, 31.829214], [35.256651, 31.829149], [35.256855, 31.829026], [35.257025, 31.82888], [35.257175, 31.828634]]}}, {"type": "Feature", "properties": {"Status": "Constructed", "Type": "Concrete", "OBJECTID": 195}, "geometry": {"type": "LineString", "coordinates": [[35.240846, 31.813686], [35.240861, 31.812908]]}}, {"type": "Feature", "properties": {"Status": "Constructed", "Type": "Concrete", "OBJECTID": 196}, "geometry": {"type": "LineString", "coordinates": [[35.25408, 31.770696], [35.253789, 31.770027], [35.253798, 31.769849], [35.253813, 31.769817], [35.253802, 31.769778], [35.253742, 31.769774], [35.25368, 31.769782], [35.253669, 31.769812], [35.253607, 31.769846], [35.253527, 31.769932], [35.253235, 31.76995]]}}, {"type": "Feature", "properties": {"Status": "Constructed", "Type": "Concrete", "OBJECTID": 206}, "geometry": {"type": "LineString", "coordinates": [[35.240861, 31.812908], [35.241029, 31.812668], [35.241029, 31.812668], [35.241018, 31.812358], [35.241018, 31.812345], [35.241061, 31.812095], [35.241061, 31.812093], [35.241062, 31.812088], [35.241059, 31.812076], [35.241054, 31.812051], [35.24104, 31.811991], [35.240989, 31.811756], [35.240987, 31.811747], [35.240985, 31.811738], [35.240987, 31.811733], [35.241062, 31.811579], [35.241264, 31.811401], [35.241467, 31.811247], [35.241545, 31.811178], [35.241547, 31.811176], [35.241658, 31.811078], [35.241795, 31.810961], [35.242019, 31.810849], [35.242205, 31.810765], [35.242275, 31.810763], [35.242429, 31.81076], [35.242431, 31.81076], [35.242436, 31.81076], [35.242425, 31.810739], [35.242403, 31.810702], [35.242356, 31.81062], [35.242328, 31.810571], [35.242284, 31.810462], [35.242281, 31.810454], [35.242287, 31.81044], [35.242351, 31.81031], [35.242375, 31.810263], [35.242438, 31.810143], [35.242441, 31.810138], [35.242502, 31.810013], [35.242505, 31.809961], [35.242505, 31.809946], [35.242506, 31.809944], [35.242506, 31.80993], [35.242507, 31.80992], [35.242478, 31.809795], [35.242475, 31.809739], [35.242475, 31.809736]]}}, {"type": "Feature", "properties": {"Status": "Constructed", "Type": "Fence", "OBJECTID": 207}, "geometry": {"type": "LineString", "coordinates": [[35.178577, 31.721683], [35.177131, 31.722012], [35.176653, 31.722042], [35.176459, 31.722059], [35.176359, 31.722118], [35.176226, 31.722359], [35.1761, 31.722485], [35.175863, 31.722627], [35.175352, 31.722674], [35.175188, 31.722659], [35.174777, 31.722483], [35.173918, 31.721993], [35.173787, 31.721741], [35.173811, 31.721563], [35.173896, 31.721424], [35.174078, 31.721336], [35.174206, 31.721318]]}}, {"type": "Feature", "properties": {"Status": "Constructed", "Type": "Fence", "OBJECTID": 208}, "geometry": {"type": "LineString", "coordinates": [[35.174206, 31.721318], [35.174311, 31.721303], [35.174627, 31.721315], [35.174949, 31.721345], [35.175203, 31.721358], [35.175389, 31.721318], [35.175537, 31.721182], [35.175742, 31.720873], [35.176013, 31.720496], [35.176278, 31.719895], [35.176457, 31.719405], [35.176589, 31.719078], [35.176589, 31.718864], [35.176496, 31.718684], [35.176417, 31.718629]]}}, {"type": "Feature", "properties": {"Status": "Constructed", "Type": "Concrete", "OBJECTID": 211}, "geometry": {"type": "LineString", "coordinates": [[35.057246, 31.918275], [35.057254, 31.918289], [35.057283, 31.918342], [35.057294, 31.918363], [35.057351, 31.918468], [35.057458, 31.918676], [35.057427, 31.918932], [35.057301, 31.919167], [35.05713, 31.919327], [35.057072, 31.919427], [35.057068, 31.919435], [35.057024, 31.919509], [35.056988, 31.919633], [35.056971, 31.919689], [35.056836, 31.920147], [35.056798, 31.920277], [35.056797, 31.920279], [35.056791, 31.920343], [35.05678, 31.920464], [35.05677, 31.920575], [35.056739, 31.920901], [35.056723, 31.921093], [35.056721, 31.921122], [35.056707, 31.921334], [35.056691, 31.921613], [35.05669, 31.921621], [35.05669, 31.921621], [35.056714, 31.921694], [35.056741, 31.921776], [35.056768, 31.921856], [35.05677, 31.921862], [35.056785, 31.921884], [35.056856, 31.921987], [35.056871, 31.922009], [35.056871, 31.922009], [35.056919, 31.922042], [35.057095, 31.922162], [35.057396, 31.922398], [35.05741, 31.92242], [35.057706, 31.922879], [35.057745, 31.922952], [35.057887, 31.92322], [35.05793, 31.923377], [35.057942, 31.923421], [35.057942, 31.923473], [35.057941, 31.923516], [35.057953, 31.92357], [35.057989, 31.923728], [35.057977, 31.923761], [35.057924, 31.923904], [35.057801, 31.924045], [35.057792, 31.924055], [35.057539, 31.924095], [35.057324, 31.924126], [35.057254, 31.924138], [35.056856, 31.924206], [35.05669, 31.924219], [35.056271, 31.924251], [35.056247, 31.924253], [35.056245, 31.924254], [35.056105, 31.924306], [35.055922, 31.924374], [35.055797, 31.92442], [35.055099, 31.924659], [35.055032, 31.924682], [35.055029, 31.924683], [35.054673, 31.924954], [35.054589, 31.925018], [35.054588, 31.92502], [35.054495, 31.925229], [35.05442, 31.925396], [35.054401, 31.925441], [35.054398, 31.925453], [35.05438, 31.92553], [35.054332, 31.925739], [35.054278, 31.925975], [35.054243, 31.926036], [35.054146, 31.926205], [35.054073, 31.926332], [35.054072, 31.926334], [35.053868, 31.926438], [35.053709, 31.926519], [35.053697, 31.926526], [35.053697, 31.926526], [35.053397, 31.926597], [35.053388, 31.926596], [35.053388, 31.926596], [35.053032, 31.926565], [35.053024, 31.926563], [35.052695, 31.926485], [35.05252, 31.926422], [35.05243, 31.92639], [35.052405, 31.92638], [35.052208, 31.92638], [35.052096, 31.926508], [35.052152, 31.9267], [35.052292, 31.926867], [35.052451, 31.927043], [35.052862, 31.927523], [35.053123, 31.928258], [35.053262, 31.928629], [35.05344, 31.929105], [35.053673, 31.929448], [35.053654, 31.929863], [35.053535, 31.929962], [35.053326, 31.930134], [35.053148, 31.930182], [35.05282, 31.930286], [35.052623, 31.930389], [35.05252, 31.930501], [35.052538, 31.930685], [35.052678, 31.930852], [35.05309, 31.9311], [35.054512, 31.931741], [35.055298, 31.932157], [35.055447, 31.932421], [35.055577, 31.933084], [35.055585, 31.93405], [35.055594, 31.934553], [35.05564, 31.934872], [35.055688, 31.935], [35.055785, 31.935261], [35.055785, 31.935262], [35.055795, 31.935276], [35.055802, 31.935285]]}}, {"type": "Feature", "properties": {"Status": "Constructed", "Type": "Concrete", "OBJECTID": 212}, "geometry": {"type": "LineString", "coordinates": [[35.254832, 31.771554], [35.254812, 31.771493], [35.25467, 31.77147], [35.254505, 31.771453], [35.254498, 31.771318], [35.254511, 31.771252], [35.254651, 31.771296], [35.254725, 31.771214], [35.2547, 31.77107], [35.2547, 31.770948], [35.25456, 31.770864], [35.254382, 31.770806], [35.254156, 31.770786], [35.254091, 31.770683]]}}, {"type": "Feature", "properties": {"Status": "Constructed", "Type": "Concrete", "OBJECTID": 215}, "geometry": {"type": "LineString", "coordinates": [[35.204801, 31.860008], [35.204831, 31.859993], [35.204878, 31.860014], [35.204978, 31.860058], [35.205368, 31.860012], [35.20601, 31.859843], [35.206369, 31.859677], [35.207205, 31.859161], [35.207861, 31.858744], [35.208259, 31.858563], [35.208333, 31.858529], [35.208686, 31.858512], [35.209008, 31.858596]]}}, {"type": "Feature", "properties": {"Status": "Constructed", "Type": "Fence", "OBJECTID": 216}, "geometry": {"type": "LineString", "coordinates": [[35.199637, 31.87344], [35.199686, 31.873532], [35.200202, 31.874062], [35.200643, 31.874484], [35.200892, 31.87464], [35.201186, 31.874764], [35.20158, 31.874862], [35.20191, 31.87488], [35.202374, 31.874862], [35.203256, 31.87479], [35.203926, 31.87475], [35.204262, 31.874787], [35.204572, 31.874891], [35.204834, 31.875058], [35.204978, 31.875237], [35.205044, 31.875432], [35.205117, 31.875688], [35.205135, 31.875974], [35.205095, 31.876409], [35.205086, 31.876715], [35.205163, 31.877148], [35.205251, 31.877547], [35.205273, 31.877766], [35.205325, 31.877949], [35.205493, 31.878175], [35.205826, 31.878523], [35.206226, 31.878849], [35.206227, 31.878849], [35.206841, 31.87935], [35.207729, 31.879998], [35.208064, 31.880197], [35.208328, 31.880236], [35.208591, 31.880241], [35.208886, 31.880183], [35.209117, 31.88005], [35.209275, 31.879842], [35.209441, 31.879543], [35.209617, 31.879211], [35.209785, 31.878955], [35.209922, 31.878857], [35.210127, 31.878753], [35.210284, 31.878729], [35.210458, 31.878721], [35.210682, 31.87877], [35.21136, 31.879016], [35.21181, 31.879156], [35.212012, 31.879181], [35.212208, 31.879168], [35.212374, 31.879108], [35.212539, 31.879005], [35.212698, 31.878864], [35.212828, 31.878675], [35.212907, 31.878459], [35.212955, 31.878153], [35.21295, 31.877929], [35.212901, 31.877734], [35.212818, 31.877554], [35.212674, 31.877399], [35.212486, 31.877254], [35.211636, 31.876763], [35.210904, 31.876344], [35.21071, 31.87618], [35.210628, 31.876029], [35.210557, 31.875839], [35.21053, 31.875649], [35.210559, 31.875472], [35.210666, 31.87526], [35.210791, 31.875115], [35.210956, 31.875002], [35.211184, 31.874936], [35.211423, 31.874903], [35.211848, 31.874886], [35.212619, 31.87484], [35.212936, 31.874791], [35.213158, 31.874696], [35.213384, 31.874545], [35.213525, 31.874375], [35.213632, 31.874182], [35.213695, 31.873986], [35.213684, 31.873785], [35.213635, 31.873619], [35.213053, 31.872407], [35.212899, 31.872038], [35.212708, 31.871559], [35.2126, 31.871241], [35.212572, 31.870998]]}}, {"type": "Feature", "properties": {"Status": "Constructed", "Type": "Concrete", "OBJECTID": 217}, "geometry": {"type": "LineString", "coordinates": [[35.165724, 31.732436], [35.165796, 31.73312], [35.165906, 31.733665], [35.166147, 31.734274], [35.166317, 31.734756], [35.166309, 31.735328], [35.166304, 31.735697], [35.166377, 31.736284], [35.166406, 31.736465], [35.166366, 31.736734], [35.166197, 31.736874], [35.166017, 31.736908], [35.165713, 31.736873], [35.165474, 31.736878], [35.165212, 31.736989], [35.164948, 31.737141], [35.164719, 31.737276], [35.164378, 31.73745], [35.164116, 31.737671], [35.163938, 31.737892]]}}, {"type": "Feature", "properties": {"Status": "Constructed", "Type": "Concrete", "OBJECTID": 218}, "geometry": {"type": "LineString", "coordinates": [[35.261026, 31.801386], [35.261092, 31.801261], [35.261109, 31.801064], [35.261019, 31.800828], [35.260808, 31.800603], [35.260584, 31.800394], [35.260173, 31.800031], [35.259985, 31.799867], [35.259709, 31.799641], [35.259249, 31.799315], [35.258573, 31.798874], [35.258141, 31.798576], [35.25796, 31.79847], [35.257891, 31.798404], [35.25785, 31.798328], [35.257837, 31.798238], [35.257856, 31.798133], [35.257904, 31.798041], [35.258113, 31.797899]]}}, {"type": "Feature", "properties": {"Status": "Constructed", "Type": "Concrete", "OBJECTID": 219}, "geometry": {"type": "LineString", "coordinates": [[35.163938, 31.737892], [35.16383, 31.738009], [35.163726, 31.738266], [35.163599, 31.738578], [35.163634, 31.738973], [35.163614, 31.739231], [35.1634, 31.73947], [35.163093, 31.739743], [35.162776, 31.739958], [35.16254, 31.740098], [35.162146, 31.740352], [35.161672, 31.740567], [35.161385, 31.740692], [35.161235, 31.740841], [35.161103, 31.741038]]}}, {"type": "Feature", "properties": {"Status": "Constructed", "Type": "Concrete", "OBJECTID": 222}, "geometry": {"type": "LineString", "coordinates": [[35.173384, 31.853595], [35.173037, 31.853612], [35.172323, 31.853414], [35.172026, 31.852636], [35.171928, 31.851819], [35.172073, 31.851063], [35.172404, 31.850894], [35.172799, 31.850743], [35.173185, 31.850611], [35.173579, 31.850432], [35.173822, 31.85021], [35.174091, 31.849809], [35.174174, 31.849416]]}}, {"type": "Feature", "properties": {"Status": "Constructed", "Type": "Concrete", "OBJECTID": 223}, "geometry": {"type": "LineString", "coordinates": [[35.211292, 31.823972], [35.211319, 31.824199], [35.212099, 31.827341], [35.212095, 31.827537]]}}, {"type": "Feature", "properties": {"Status": "Constructed", "Type": "Concrete", "OBJECTID": 224}, "geometry": {"type": "LineString", "coordinates": [[35.124944, 31.87836], [35.124885, 31.878464], [35.124713, 31.878553], [35.124155, 31.878705], [35.123611, 31.878862], [35.123174, 31.879035], [35.122848, 31.879185], [35.122724, 31.879242], [35.122448, 31.879441], [35.122233, 31.879684], [35.121833, 31.880038], [35.121472, 31.880312], [35.121177, 31.880568], [35.121054, 31.880677], [35.121039, 31.88069], [35.120957, 31.880881], [35.121011, 31.881048], [35.121126, 31.881194], [35.121397, 31.881304], [35.121462, 31.881325]]}}, {"type": "Feature", "properties": {"Status": "Constructed", "Type": "Concrete", "OBJECTID": 225}, "geometry": {"type": "LineString", "coordinates": [[35.252705, 31.828444], [35.2529, 31.828273], [35.25307, 31.828168], [35.253372, 31.828132]]}}, {"type": "Feature", "properties": {"Status": "Constructed", "Type": "Concrete", "OBJECTID": 226}, "geometry": {"type": "LineString", "coordinates": [[35.161103, 31.741038], [35.16097, 31.741348], [35.160615, 31.742162], [35.160264, 31.742566], [35.159984, 31.742781]]}}, {"type": "Feature", "properties": {"Status": "Constructed", "Type": "Concrete", "OBJECTID": 227}, "geometry": {"type": "LineString", "coordinates": [[35.165229, 31.722618], [35.16524, 31.722618], [35.165344, 31.722611], [35.165462, 31.722605], [35.165815, 31.722597], [35.165959, 31.722593], [35.166077, 31.722588], [35.166177, 31.722581], [35.166306, 31.722574], [35.166599, 31.722563], [35.166729, 31.722556], [35.166866, 31.722543], [35.166928, 31.722534], [35.166986, 31.722524], [35.167031, 31.722516], [35.167122, 31.722495], [35.167214, 31.722473], [35.167304, 31.722448], [35.167393, 31.72242], [35.167482, 31.72239], [35.16757, 31.722357], [35.167658, 31.722322], [35.167744, 31.722284], [35.167836, 31.72224], [35.167927, 31.722194]]}}, {"type": "Feature", "properties": {"Status": "Constructed", "Type": "Concrete", "OBJECTID": 228}, "geometry": {"type": "LineString", "coordinates": [[35.165148, 31.726532], [35.164804, 31.726526], [35.164658, 31.72652], [35.164581, 31.726514], [35.164511, 31.726505], [35.164444, 31.726495], [35.164382, 31.726482], [35.164299, 31.726461], [35.164215, 31.726436], [35.164129, 31.726406], [35.164043, 31.726373], [35.163957, 31.726336], [35.163871, 31.726295], [35.163787, 31.726251], [35.163704, 31.726205], [35.163616, 31.72615], [35.16353, 31.726092], [35.163445, 31.726029], [35.163363, 31.725963], [35.163284, 31.725893], [35.163209, 31.725822], [35.163138, 31.725748], [35.163072, 31.725673], [35.163012, 31.725597], [35.162957, 31.725521], [35.162907, 31.725444], [35.162864, 31.725367], [35.162826, 31.72529], [35.162794, 31.725214], [35.162769, 31.725138], [35.162749, 31.725063], [35.162736, 31.724995], [35.162726, 31.724926], [35.162719, 31.724857], [35.162715, 31.724789], [35.162714, 31.724724], [35.162717, 31.72466], [35.162723, 31.7246], [35.162733, 31.724542], [35.162748, 31.724481], [35.162769, 31.72442], [35.162797, 31.724357], [35.162832, 31.724294], [35.162873, 31.724229], [35.162921, 31.724162], [35.162976, 31.724093], [35.16304, 31.724021], [35.163161, 31.723895], [35.163364, 31.723697]]}}, {"type": "Feature", "properties": {"Status": "Constructed", "Type": "Concrete", "OBJECTID": 229}, "geometry": {"type": "LineString", "coordinates": [[35.16823, 31.726636], [35.168279, 31.726946]]}}, {"type": "Feature", "properties": {"Status": "Constructed", "Type": "Concrete", "OBJECTID": 230}, "geometry": {"type": "LineString", "coordinates": [[35.166093, 31.730347], [35.166009, 31.730785], [35.165963, 31.731127], [35.165852, 31.731572], [35.165765, 31.732], [35.165724, 31.732436]]}}, {"type": "Feature", "properties": {"Status": "Constructed", "Type": "Fence", "OBJECTID": 232}, "geometry": {"type": "LineString", "coordinates": [[35.170124, 31.720089], [35.169998, 31.720217], [35.169752, 31.720474], [35.169307, 31.721023], [35.169089, 31.721329]]}}, {"type": "Feature", "properties": {"Status": "Constructed", "Type": "Concrete", "OBJECTID": 233}, "geometry": {"type": "LineString", "coordinates": [[35.163364, 31.723697], [35.163425, 31.723636], [35.163594, 31.72347], [35.163746, 31.723329], [35.163829, 31.723257], [35.163909, 31.723189], [35.163988, 31.723126], [35.164066, 31.723067], [35.164143, 31.723012], [35.164219, 31.722961], [35.164295, 31.722914], [35.16437, 31.72287], [35.164455, 31.722825], [35.16454, 31.722784], [35.164624, 31.722748], [35.164707, 31.722717], [35.164763, 31.722699], [35.164821, 31.722683], [35.164882, 31.722668], [35.164945, 31.722655], [35.16501, 31.722644], [35.165079, 31.722634], [35.165229, 31.722618]]}}, {"type": "Feature", "properties": {"Status": "Constructed", "Type": "Concrete", "OBJECTID": 236}, "geometry": {"type": "LineString", "coordinates": [[35.159984, 31.742781], [35.159488, 31.742927], [35.159094, 31.742867], [35.158783, 31.742737], [35.158551, 31.742568], [35.15835, 31.74223], [35.158156, 31.741832], [35.157827, 31.741477], [35.157433, 31.740789], [35.157376, 31.740418]]}}, {"type": "Feature", "properties": {"Status": "Constructed", "Type": "Fence", "OBJECTID": 239}, "geometry": {"type": "LineString", "coordinates": [[35.05504, 31.936342], [35.055271, 31.936134], [35.055534, 31.935876], [35.055647, 31.93566], [35.055769, 31.935367], [35.055797, 31.935297], [35.055802, 31.935285]]}}, {"type": "Feature", "properties": {"Status": "Constructed", "Type": "Fence", "OBJECTID": 242}, "geometry": {"type": "LineString", "coordinates": [[35.057252, 31.918276], [35.057246, 31.918275], [35.057235, 31.918273], [35.05702, 31.918236], [35.056508, 31.91812], [35.055804, 31.917888], [35.055578, 31.917816], [35.055376, 31.917781], [35.055123, 31.917747], [35.054843, 31.917718], [35.054629, 31.917664], [35.053855, 31.917309], [35.053686, 31.917238], [35.05345, 31.917199], [35.052131, 31.917253], [35.051873, 31.917248], [35.051666, 31.917232], [35.051513, 31.917173], [35.051212, 31.916972], [35.050412, 31.916231], [35.050102, 31.915878], [35.050048, 31.915678], [35.050022, 31.915531], [35.049875, 31.914204], [35.049843, 31.914028], [35.04976, 31.9138], [35.049681, 31.913537], [35.048962, 31.911902], [35.048329, 31.910293], [35.048225, 31.910155], [35.048059, 31.910024], [35.047906, 31.909936], [35.047608, 31.909869], [35.047256, 31.909865], [35.047004, 31.90984], [35.046739, 31.909759], [35.045562, 31.909198], [35.044952, 31.908926], [35.044756, 31.908791], [35.044108, 31.908202], [35.043695, 31.907872], [35.043557, 31.907712], [35.043424, 31.907528], [35.042979, 31.906614], [35.042855, 31.906344], [35.042746, 31.906236], [35.042598, 31.906095], [35.041044, 31.905132], [35.04089, 31.905001], [35.040763, 31.904841], [35.040689, 31.904539], [35.040552, 31.903897], [35.040474, 31.903421], [35.040439, 31.903097], [35.040337, 31.90276], [35.040228, 31.90217], [35.040206, 31.901927], [35.040226, 31.901797], [35.040317, 31.901634], [35.040585, 31.901343], [35.041033, 31.900835], [35.041157, 31.900651], [35.041228, 31.900564], [35.041264, 31.900421], [35.04127, 31.900206], [35.041256, 31.899531], [35.041239, 31.899307], [35.041196, 31.899107], [35.041126, 31.898974], [35.040971, 31.898795], [35.040805, 31.898641], [35.04077, 31.89856]]}}, {"type": "Feature", "properties": {"Status": "Constructed", "Type": "Concrete", "OBJECTID": 257}, "geometry": {"type": "LineString", "coordinates": [[35.184981, 31.868146], [35.185467, 31.867962], [35.185687, 31.867879]]}}, {"type": "Feature", "properties": {"Status": "Constructed", "Type": "Fence", "OBJECTID": 258}, "geometry": {"type": "LineString", "coordinates": [[35.188911, 31.881962], [35.188906, 31.88192], [35.188914, 31.881757], [35.188972, 31.881637], [35.189072, 31.881573], [35.189239, 31.881542], [35.18935, 31.881554]]}}, {"type": "Feature", "properties": {"Status": "Constructed", "Type": "Fence", "OBJECTID": 261}, "geometry": {"type": "LineString", "coordinates": [[35.256298, 31.718396], [35.256234, 31.718297], [35.256045, 31.718124], [35.255784, 31.717923], [35.255534, 31.717784], [35.25527, 31.717679], [35.255004, 31.717569], [35.254729, 31.717512], [35.254338, 31.717471], [35.254003, 31.717472], [35.253717, 31.717506]]}}, {"type": "Feature", "properties": {"Status": "Constructed", "Type": "Concrete", "OBJECTID": 272}, "geometry": {"type": "LineString", "coordinates": [[35.212185, 31.860183], [35.212248, 31.860207], [35.21237, 31.860195], [35.212472, 31.860242], [35.212583, 31.860253], [35.212687, 31.860285], [35.212775, 31.860343], [35.212883, 31.860327], [35.212957, 31.860258], [35.212957, 31.860259], [35.213, 31.860269], [35.213068, 31.860273], [35.213178, 31.860257], [35.213288, 31.860257], [35.213407, 31.860258], [35.213518, 31.86026], [35.213582, 31.860337], [35.213633, 31.860422], [35.213713, 31.860483], [35.213818, 31.860508], [35.213907, 31.860565], [35.213955, 31.860657], [35.213973, 31.860752], [35.213993, 31.860842], [35.21405, 31.860922], [35.21405, 31.861017], [35.21413, 31.861107], [35.214097, 31.861202], [35.214025, 31.861273], [35.214078, 31.861363], [35.214077, 31.861465], [35.214152, 31.861538], [35.21415, 31.861645], [35.214187, 31.861752], [35.214243, 31.86184], [35.214298, 31.861918], [35.214222, 31.861985], [35.214212, 31.862075], [35.214303, 31.862148], [35.214313, 31.862263], [35.214348, 31.862373], [35.214347, 31.862478], [35.214375, 31.862572], [35.214382, 31.862677], [35.214407, 31.862778], [35.214427, 31.86287], [35.214442, 31.86296], [35.21446, 31.863055], [35.214477, 31.863155], [35.214475, 31.863248], [35.214452, 31.863345], [35.214435, 31.863435], [35.214447, 31.863525], [35.214443, 31.863617], [35.214432, 31.863712], [35.21443, 31.863805], [35.214397, 31.863902], [35.214357, 31.86399], [35.214307, 31.864072], [35.21425, 31.86415], [35.214188, 31.864225], [35.21411, 31.864292], [35.214027, 31.864355], [35.21393, 31.864398], [35.213822, 31.86442], [35.213717, 31.864445], [35.213603, 31.864437], [35.213493, 31.864425], [35.213388, 31.864407], [35.21328, 31.864405], [35.213182, 31.86436], [35.213075, 31.864347], [35.21297, 31.86431], [35.212858, 31.864278], [35.21275, 31.864268], [35.212645, 31.864293], [35.21253, 31.86432], [35.212422, 31.864305], [35.212312, 31.864312], [35.212217, 31.864355], [35.212112, 31.864385], [35.212005, 31.864422], [35.211915, 31.864492], [35.211812, 31.864538], [35.211702, 31.864578], [35.211602, 31.864635], [35.2115, 31.864685], [35.21139, 31.864717], [35.211282, 31.864762], [35.211188, 31.86481], [35.21109, 31.86485], [35.210983, 31.86488], [35.210885, 31.86493], [35.21079, 31.864978], [35.210685, 31.865017], [35.210577, 31.865055], [35.210483, 31.865102], [35.210412, 31.865175], [35.210313, 31.865232], [35.210217, 31.865283], [35.210133, 31.865347], [35.210033, 31.8654], [35.209933, 31.86545], [35.209837, 31.865497], [35.20974, 31.865543], [35.20964, 31.86559], [35.20955, 31.865648], [35.209443, 31.86567], [35.209338, 31.8657], [35.209257, 31.865762], [35.209178, 31.86583], [35.20909, 31.865883], [35.209015, 31.865948], [35.20891, 31.865982], [35.20882, 31.866033], [35.208742, 31.866102], [35.208658, 31.866162], [35.208558, 31.866192], [35.208467, 31.866245], [35.208373, 31.866288], [35.208255, 31.866298], [35.20818, 31.866367], [35.208093, 31.866437], [35.207998, 31.86648], [35.207892, 31.866488], [35.207812, 31.866555], [35.207705, 31.86657], [35.207607, 31.866617], [35.207492, 31.866662], [35.207417, 31.866727], [35.207308, 31.866737], [35.207212, 31.866775], [35.207115, 31.866812], [35.207027, 31.866863], [35.206938, 31.86693], [35.206833, 31.866968], [35.206732, 31.867017], [35.206638, 31.867075], [35.206532, 31.867107], [35.206425, 31.867142], [35.20634, 31.867207], [35.20625, 31.867268], [35.206163, 31.867323], [35.206078, 31.867382], [35.20599, 31.867448], [35.205923, 31.867523], [35.205858, 31.867597], [35.205792, 31.867678], [35.205715, 31.867753], [35.205632, 31.867822], [35.20557, 31.8679], [35.20552, 31.867987], [35.205468, 31.86807], [35.205428, 31.868158], [35.20538, 31.868245], [35.205343, 31.86833], [35.205323, 31.868425], [35.20531, 31.86852], [35.205297, 31.868617], [35.205237, 31.868705], [35.205212, 31.868793], [35.205125, 31.868857], [35.205092, 31.868945], [35.205075, 31.869037], [35.205105, 31.869133], [35.205183, 31.869205], [35.205255, 31.86928], [35.20533, 31.869348], [35.20544, 31.869373], [35.205545, 31.869398], [35.205658, 31.869417], [35.205773, 31.869442], [35.205878, 31.869467], [35.205982, 31.869488], [35.20609, 31.869522], [35.206188, 31.869572], [35.206268, 31.869637], [35.206372, 31.86971]]}}, {"type": "Feature", "properties": {"Status": "Constructed", "Type": "", "OBJECTID": 276}, "geometry": {"type": "LineString", "coordinates": [[35.261854, 31.782971], [35.261771, 31.783069], [35.26186, 31.783233], [35.261948, 31.783515], [35.261948, 31.783757], [35.262019, 31.783922], [35.26214, 31.784411]]}}, {"type": "Feature", "properties": {"Status": "Constructed", "Type": "Concrete", "OBJECTID": 286}, "geometry": {"type": "LineString", "coordinates": [[35.18682, 31.723872], [35.186851, 31.723769], [35.186926, 31.723539], [35.18695, 31.723462], [35.18699, 31.723376], [35.187055, 31.72328], [35.187121, 31.723209], [35.187182, 31.723147], [35.187225, 31.723102], [35.187255, 31.723063], [35.187272, 31.723032], [35.187284, 31.722996], [35.187301, 31.722934], [35.187307, 31.722895], [35.1873, 31.722839], [35.18729, 31.722801], [35.187257, 31.722749], [35.187226, 31.722704], [35.187197, 31.722661], [35.187171, 31.722638], [35.187135, 31.722613], [35.187065, 31.722592], [35.187013, 31.722583], [35.186961, 31.722576], [35.186874, 31.722588], [35.186807, 31.7226], [35.186778, 31.722604], [35.186745, 31.722618], [35.186717, 31.722639], [35.186661, 31.722661], [35.186578, 31.722691], [35.186301, 31.722803], [35.186267, 31.722811], [35.186244, 31.722819], [35.186157, 31.722857], [35.186139, 31.722844], [35.186032, 31.722721], [35.18593, 31.722595], [35.185823, 31.722459], [35.185821, 31.722444], [35.185844, 31.722407], [35.185865, 31.722367], [35.185871, 31.722318], [35.185874, 31.722278], [35.185863, 31.722236], [35.185861, 31.722213], [35.185844, 31.72218], [35.185822, 31.722146], [35.185792, 31.722115], [35.185765, 31.722092], [35.185745, 31.722074], [35.185677, 31.722039], [35.185619, 31.722024], [35.185577, 31.722018], [35.185525, 31.722013], [35.185449, 31.722027], [35.185371, 31.722047], [35.185352, 31.721994], [35.185314, 31.721926], [35.185249, 31.72184], [35.185218, 31.721798], [35.185164, 31.72175], [35.185117, 31.721713], [35.185046, 31.721665], [35.185013, 31.721639], [35.184925, 31.721566], [35.18477, 31.721376], [35.184634, 31.721209], [35.184568, 31.721127], [35.184543, 31.721102], [35.184469, 31.721011], [35.184429, 31.720964], [35.184349, 31.720816], [35.184275, 31.720667], [35.184271, 31.72063], [35.18427, 31.720564], [35.184261, 31.720545], [35.184251, 31.72053], [35.184189, 31.720465], [35.184136, 31.720406], [35.184051, 31.720371], [35.183995, 31.720343], [35.183849, 31.720215], [35.183715, 31.7201], [35.183689, 31.720076], [35.183648, 31.720034], [35.183601, 31.719978], [35.183541, 31.71991], [35.183456, 31.719817], [35.183364, 31.719714], [35.183272, 31.719618], [35.183203, 31.719548], [35.183134, 31.719482], [35.183089, 31.719439], [35.182976, 31.719321], [35.182867, 31.719219], [35.182762, 31.719102], [35.182662, 31.719005], [35.182565, 31.718911], [35.18238, 31.71873], [35.18229, 31.71864], [35.182182, 31.718528], [35.182005, 31.718347], [35.181893, 31.718235], [35.181662, 31.718008], [35.181592, 31.717932], [35.181532, 31.717888], [35.181474, 31.71786], [35.18135, 31.717827], [35.181282, 31.717814], [35.181237, 31.7178], [35.181116, 31.717772], [35.181057, 31.717739], [35.180955, 31.717674], [35.180884, 31.717625], [35.180817, 31.717586], [35.18073, 31.717558], [35.180637, 31.717545], [35.180561, 31.717558], [35.180464, 31.717587], [35.180385, 31.717647], [35.180339, 31.717705], [35.180301, 31.71778], [35.180292, 31.717828], [35.180286, 31.717887], [35.180343, 31.718028], [35.180398, 31.718094], [35.180506, 31.718155], [35.180714, 31.71825], [35.180777, 31.718284], [35.180824, 31.718299], [35.180954, 31.718367], [35.181092, 31.718484], [35.181195, 31.718628], [35.181225, 31.718654]]}}, {"type": "Feature", "properties": {"Status": "Constructed", "Type": "Fence", "OBJECTID": 287}, "geometry": {"type": "LineString", "coordinates": [[35.133314, 31.871602], [35.13318, 31.871703], [35.132996, 31.87189], [35.133204, 31.872457], [35.13193, 31.87326], [35.130882, 31.873964], [35.129548, 31.874792], [35.129216, 31.875012], [35.129428, 31.87517]]}}, {"type": "Feature", "properties": {"Status": "Constructed", "Type": "Concrete", "OBJECTID": 288}, "geometry": {"type": "LineString", "coordinates": [[35.187428, 31.724246], [35.187333, 31.724193], [35.187277, 31.724159], [35.187241, 31.724137], [35.187225, 31.724165], [35.187175, 31.724127], [35.187099, 31.72407], [35.186994, 31.72399], [35.186918, 31.723933], [35.18687, 31.723904], [35.18682, 31.723872]]}}, {"type": "Feature", "properties": {"Status": "Constructed", "Type": "Fence", "OBJECTID": 289}, "geometry": {"type": "LineString", "coordinates": [[35.184442, 31.721605], [35.184427, 31.721807], [35.184421, 31.721998], [35.184455, 31.722165], [35.184458, 31.722234], [35.18453, 31.722366], [35.184672, 31.722547], [35.184519, 31.722631], [35.184301, 31.722707], [35.184039, 31.722697], [35.183909, 31.722631], [35.183813, 31.722466], [35.183723, 31.721996], [35.183668, 31.721666], [35.183648, 31.721258], [35.183539, 31.72116], [35.183383, 31.721077], [35.183193, 31.721105], [35.182808, 31.721578], [35.182579, 31.721762], [35.182294, 31.721843], [35.181937, 31.721847], [35.18154, 31.721876], [35.180669, 31.721818], [35.180626, 31.721782]]}}]}